"id","slug","name_ja","name_en","category_id","category_ja","description_ja","color_file","monochrome_file","recommended_sizes_px","minimum_size_px","geometry_sha256"
"UUI-0001","arrow-up","上へ","Arrow Up","navigation","ナビゲーション","「上へ」を表す汎用UIアイコン。ナビゲーションに関する操作または状態表示に使用する。","color/navigation/arrow-up.svg","monochrome/navigation/arrow-up.svg","16|20|24|32|48","16","6f002df6cb7d8ca9eabd920d427944be7dcab371b9988c68e44904403c1bea37"
"UUI-0002","arrow-down","下へ","Arrow Down","navigation","ナビゲーション","「下へ」を表す汎用UIアイコン。ナビゲーションに関する操作または状態表示に使用する。","color/navigation/arrow-down.svg","monochrome/navigation/arrow-down.svg","16|20|24|32|48","16","a543b0e7afdee526caa5942fe6cfff390a80e7a947e7921e37941d46269bbb1b"
"UUI-0003","arrow-left","左へ","Arrow Left","navigation","ナビゲーション","「左へ」を表す汎用UIアイコン。ナビゲーションに関する操作または状態表示に使用する。","color/navigation/arrow-left.svg","monochrome/navigation/arrow-left.svg","16|20|24|32|48","16","3d4b4db320f90ace8a58bbe1a5beae179c58647d5d31e0d0242a5145592b605d"
"UUI-0004","arrow-right","右へ","Arrow Right","navigation","ナビゲーション","「右へ」を表す汎用UIアイコン。ナビゲーションに関する操作または状態表示に使用する。","color/navigation/arrow-right.svg","monochrome/navigation/arrow-right.svg","16|20|24|32|48","16","2f0991761ea920afc88b854d23bbcd9870c1af6c95787b55b1794c1e5c912ebb"
"UUI-0005","arrow-up-left","左上へ","Arrow Up Left","navigation","ナビゲーション","「左上へ」を表す汎用UIアイコン。ナビゲーションに関する操作または状態表示に使用する。","color/navigation/arrow-up-left.svg","monochrome/navigation/arrow-up-left.svg","16|20|24|32|48","16","0a5b4dce724ca5a5361478e8cb9526417c715360600f2cfaf844cba311f899ff"
"UUI-0006","arrow-up-right","右上へ","Arrow Up Right","navigation","ナビゲーション","「右上へ」を表す汎用UIアイコン。ナビゲーションに関する操作または状態表示に使用する。","color/navigation/arrow-up-right.svg","monochrome/navigation/arrow-up-right.svg","16|20|24|32|48","16","acdd472c5fd8988883f8bad922bf6b549944d3db0f53f75a84d7ed754d624233"
"UUI-0007","arrow-down-left","左下へ","Arrow Down Left","navigation","ナビゲーション","「左下へ」を表す汎用UIアイコン。ナビゲーションに関する操作または状態表示に使用する。","color/navigation/arrow-down-left.svg","monochrome/navigation/arrow-down-left.svg","16|20|24|32|48","16","11f8643c412098b49582faaf35dcef1c334d3f6e6c68fc4c0bd296c2fbe707f7"
"UUI-0008","arrow-down-right","右下へ","Arrow Down Right","navigation","ナビゲーション","「右下へ」を表す汎用UIアイコン。ナビゲーションに関する操作または状態表示に使用する。","color/navigation/arrow-down-right.svg","monochrome/navigation/arrow-down-right.svg","16|20|24|32|48","16","529fa05e3062fd47cfa4c2f7492f379b176d936b1737c85c648fe5546473a0d5"
"UUI-0009","chevron-up","上へ移動","Chevron Up","navigation","ナビゲーション","「上へ移動」を表す汎用UIアイコン。ナビゲーションに関する操作または状態表示に使用する。","color/navigation/chevron-up.svg","monochrome/navigation/chevron-up.svg","16|20|24|32|48","16","eef83bafa221914f5f966a217f2bd390805632b21ba17d2e277df5a0a522adbe"
"UUI-0010","chevron-down","下へ移動","Chevron Down","navigation","ナビゲーション","「下へ移動」を表す汎用UIアイコン。ナビゲーションに関する操作または状態表示に使用する。","color/navigation/chevron-down.svg","monochrome/navigation/chevron-down.svg","16|20|24|32|48","16","e0d9c628e17cca6f0106162bcc5286c8fa44c6ba3691deb7880267ae26962fa6"
"UUI-0011","chevron-left","前へ","Chevron Left","navigation","ナビゲーション","「前へ」を表す汎用UIアイコン。ナビゲーションに関する操作または状態表示に使用する。","color/navigation/chevron-left.svg","monochrome/navigation/chevron-left.svg","16|20|24|32|48","16","94794b73e9d642ed29676ec1f3e4f2b43824f1ed14be22a9c7e2cf68eb369ffc"
"UUI-0012","chevron-right","次へ","Chevron Right","navigation","ナビゲーション","「次へ」を表す汎用UIアイコン。ナビゲーションに関する操作または状態表示に使用する。","color/navigation/chevron-right.svg","monochrome/navigation/chevron-right.svg","16|20|24|32|48","16","b387ceba6a952091d1f508996535301fdd96182f419295e1de03a83ff3ab1ed5"
"UUI-0013","chevrons-up","最上部へ","Chevrons Up","navigation","ナビゲーション","「最上部へ」を表す汎用UIアイコン。ナビゲーションに関する操作または状態表示に使用する。","color/navigation/chevrons-up.svg","monochrome/navigation/chevrons-up.svg","16|20|24|32|48","16","9436ec22d06563a9c9361a2189a74f951a89cc4b8cf471a8f0a3142e9e89e4f6"
"UUI-0014","chevrons-down","最下部へ","Chevrons Down","navigation","ナビゲーション","「最下部へ」を表す汎用UIアイコン。ナビゲーションに関する操作または状態表示に使用する。","color/navigation/chevrons-down.svg","monochrome/navigation/chevrons-down.svg","16|20|24|32|48","16","4ecacf167af8a3dc94d25641def51296424fead0ecb88887a5df0702494998bb"
"UUI-0015","chevrons-left","先頭へ","Chevrons Left","navigation","ナビゲーション","「先頭へ」を表す汎用UIアイコン。ナビゲーションに関する操作または状態表示に使用する。","color/navigation/chevrons-left.svg","monochrome/navigation/chevrons-left.svg","16|20|24|32|48","16","ce6f640904d1acfaede2bec04da942926acf7041481e5f02c89ced35daf9e776"
"UUI-0016","chevrons-right","末尾へ","Chevrons Right","navigation","ナビゲーション","「末尾へ」を表す汎用UIアイコン。ナビゲーションに関する操作または状態表示に使用する。","color/navigation/chevrons-right.svg","monochrome/navigation/chevrons-right.svg","16|20|24|32|48","16","ea833142996cd0618c9c0f077a271e2bd2e734e7a2fe223bd75c535fd4d80f11"
"UUI-0017","move","自由移動","Move","navigation","ナビゲーション","「自由移動」を表す汎用UIアイコン。ナビゲーションに関する操作または状態表示に使用する。","color/navigation/move.svg","monochrome/navigation/move.svg","16|20|24|32|48","16","17a32426a60b05eea15737b88bff2104432d24bbd5ba76617eb5de1865730d88"
"UUI-0018","move-horizontal","左右移動","Move Horizontal","navigation","ナビゲーション","「左右移動」を表す汎用UIアイコン。ナビゲーションに関する操作または状態表示に使用する。","color/navigation/move-horizontal.svg","monochrome/navigation/move-horizontal.svg","16|20|24|32|48","16","05ef196890f769b698788272c34feb8539d54d6fe5018e7ab905a9388f8f31f5"
"UUI-0019","move-vertical","上下移動","Move Vertical","navigation","ナビゲーション","「上下移動」を表す汎用UIアイコン。ナビゲーションに関する操作または状態表示に使用する。","color/navigation/move-vertical.svg","monochrome/navigation/move-vertical.svg","16|20|24|32|48","16","43ffc9d72d8b858660d161b5ac847ca8686936e586a5eb9b5cfd62c3ae9f6266"
"UUI-0020","corner-up-left","左上へ折り返す","Corner Up Left","navigation","ナビゲーション","「左上へ折り返す」を表す汎用UIアイコン。ナビゲーションに関する操作または状態表示に使用する。","color/navigation/corner-up-left.svg","monochrome/navigation/corner-up-left.svg","16|20|24|32|48","16","0352a20febdd8ccaa4860807ef9d80c5e2eddb5c680373252dbe88554a1b445d"
"UUI-0021","corner-up-right","右上へ折り返す","Corner Up Right","navigation","ナビゲーション","「右上へ折り返す」を表す汎用UIアイコン。ナビゲーションに関する操作または状態表示に使用する。","color/navigation/corner-up-right.svg","monochrome/navigation/corner-up-right.svg","16|20|24|32|48","16","cafd1fe0993e4f6829096b34abbb71770b15950092bdfa20f0885a78cff5a904"
"UUI-0022","corner-down-left","左下へ折り返す","Corner Down Left","navigation","ナビゲーション","「左下へ折り返す」を表す汎用UIアイコン。ナビゲーションに関する操作または状態表示に使用する。","color/navigation/corner-down-left.svg","monochrome/navigation/corner-down-left.svg","16|20|24|32|48","16","52abb600761d8ffa3ca8af5660cc252ac979bbdec82c4f3d1f47cb3833bb9568"
"UUI-0023","corner-down-right","右下へ折り返す","Corner Down Right","navigation","ナビゲーション","「右下へ折り返す」を表す汎用UIアイコン。ナビゲーションに関する操作または状態表示に使用する。","color/navigation/corner-down-right.svg","monochrome/navigation/corner-down-right.svg","16|20|24|32|48","16","db037d2aea5cfd5b473418ca8d3ee9d26e090564735bd818e13d3811c2a5f913"
"UUI-0024","menu","メニュー","Menu","navigation","ナビゲーション","「メニュー」を表す汎用UIアイコン。ナビゲーションに関する操作または状態表示に使用する。","color/navigation/menu.svg","monochrome/navigation/menu.svg","16|20|24|32|48","16","eb20c804a099dffe93b6d077b427da2fa84572d6d73b00be1f683cb82f4a8a42"
"UUI-0025","navigation","進行方向","Navigation","navigation","ナビゲーション","「進行方向」を表す汎用UIアイコン。ナビゲーションに関する操作または状態表示に使用する。","color/navigation/navigation.svg","monochrome/navigation/navigation.svg","16|20|24|32|48","16","987433ceb96f28b2dba7463abd985c15c60b6ddf4f4e7deb0102b92e7cc69050"
"UUI-0026","plus","追加","Plus","actions","基本操作","「追加」を表す汎用UIアイコン。基本操作に関する操作または状態表示に使用する。","color/actions/plus.svg","monochrome/actions/plus.svg","16|20|24|32|48","16","3ed1784e53a9252aa47f2392c529dc2078803a22e84522f68ec8165c23f05bb0"
"UUI-0027","minus","削除・減少","Minus","actions","基本操作","「削除・減少」を表す汎用UIアイコン。基本操作に関する操作または状態表示に使用する。","color/actions/minus.svg","monochrome/actions/minus.svg","16|20|24|32|48","16","97fd80fde2451118055c2ef4c9987b42d823085f89b7120d32530ad74899bc1f"
"UUI-0028","x","閉じる","X","actions","基本操作","「閉じる」を表す汎用UIアイコン。基本操作に関する操作または状態表示に使用する。","color/actions/x.svg","monochrome/actions/x.svg","16|20|24|32|48","16","7bf13b1e2e2ab7bb7226b828a7b6ded9a6482211bdeafc7a1e61ea450232d212"
"UUI-0029","check","決定","Check","actions","基本操作","「決定」を表す汎用UIアイコン。基本操作に関する操作または状態表示に使用する。","color/actions/check.svg","monochrome/actions/check.svg","16|20|24|32|48","16","ab4347e7adf6b32287f8d623f659ef18e4686d9ef0a5d9f56b379024daf16f3e"
"UUI-0030","copy","コピー","Copy","actions","基本操作","「コピー」を表す汎用UIアイコン。基本操作に関する操作または状態表示に使用する。","color/actions/copy.svg","monochrome/actions/copy.svg","16|20|24|32|48","16","e08f2f10f9688adba0e42ca6e48e4b0fcd6fed9829d1f89963766bc378ae7e6f"
"UUI-0031","clipboard-paste","貼り付け","Clipboard Paste","actions","基本操作","「貼り付け」を表す汎用UIアイコン。基本操作に関する操作または状態表示に使用する。","color/actions/clipboard-paste.svg","monochrome/actions/clipboard-paste.svg","16|20|24|32|48","16","67964fdd20ffe36bbe27e2ab373acc41f3830d298a65d64b3eebc762955c1b24"
"UUI-0032","scissors","切り取り","Scissors","actions","基本操作","「切り取り」を表す汎用UIアイコン。基本操作に関する操作または状態表示に使用する。","color/actions/scissors.svg","monochrome/actions/scissors.svg","16|20|24|32|48","16","588949a0e7fabcb735394cb8ef37bc9668457458fdec4f52c3d8251bf769902f"
"UUI-0033","trash-2","ごみ箱","Trash 2","actions","基本操作","「ごみ箱」を表す汎用UIアイコン。基本操作に関する操作または状態表示に使用する。","color/actions/trash-2.svg","monochrome/actions/trash-2.svg","16|20|24|32|48","16","0887db16204aec49dbefc692233cd54fe3844849ddbada6d52709cfba3b70e28"
"UUI-0034","save","保存","Save","actions","基本操作","「保存」を表す汎用UIアイコン。基本操作に関する操作または状態表示に使用する。","color/actions/save.svg","monochrome/actions/save.svg","16|20|24|32|48","16","b86e20515f7c07551173dae4856435322962704c351fb1c61fb14ca64b89373c"
"UUI-0035","pencil","編集","Pencil","actions","基本操作","「編集」を表す汎用UIアイコン。基本操作に関する操作または状態表示に使用する。","color/actions/pencil.svg","monochrome/actions/pencil.svg","16|20|24|32|48","16","2789740c6e1205f1c233a553cfe467614397df47a791f5c37e882fa203105900"
"UUI-0036","eraser","消去","Eraser","actions","基本操作","「消去」を表す汎用UIアイコン。基本操作に関する操作または状態表示に使用する。","color/actions/eraser.svg","monochrome/actions/eraser.svg","16|20|24|32|48","16","ee5f7117687b44afa5357eb59a564d400baae06199c84d17e60d47c4f6372933"
"UUI-0037","undo-2","元に戻す","Undo 2","actions","基本操作","「元に戻す」を表す汎用UIアイコン。基本操作に関する操作または状態表示に使用する。","color/actions/undo-2.svg","monochrome/actions/undo-2.svg","16|20|24|32|48","16","e891d44978dfdc63d39b359b0786740e094adb6d3a8980cc45f75790ccda62b7"
"UUI-0038","redo-2","やり直す","Redo 2","actions","基本操作","「やり直す」を表す汎用UIアイコン。基本操作に関する操作または状態表示に使用する。","color/actions/redo-2.svg","monochrome/actions/redo-2.svg","16|20|24|32|48","16","c25adc0fc2b6b0c9255a3f1385d85ee49fdd8a3ad56fd531615d0b4698cf0dcd"
"UUI-0039","refresh-cw","更新","Refresh Cw","actions","基本操作","「更新」を表す汎用UIアイコン。基本操作に関する操作または状態表示に使用する。","color/actions/refresh-cw.svg","monochrome/actions/refresh-cw.svg","16|20|24|32|48","16","d0111b6d7d3c5b62d7d0f1de486c2695b0424feb98a558bbd6070610858b6fee"
"UUI-0040","download","ダウンロード","Download","actions","基本操作","「ダウンロード」を表す汎用UIアイコン。基本操作に関する操作または状態表示に使用する。","color/actions/download.svg","monochrome/actions/download.svg","16|20|24|32|48","16","e0fa296985600d9ad021ba1a74c28c6612d098dad43e3d514c158d2274e6e352"
"UUI-0041","upload","アップロード","Upload","actions","基本操作","「アップロード」を表す汎用UIアイコン。基本操作に関する操作または状態表示に使用する。","color/actions/upload.svg","monochrome/actions/upload.svg","16|20|24|32|48","16","928d706e4ba421feaf7af2aa703777223a5b2fd545420d629f3f4fa61d99a946"
"UUI-0042","share-2","共有","Share 2","actions","基本操作","「共有」を表す汎用UIアイコン。基本操作に関する操作または状態表示に使用する。","color/actions/share-2.svg","monochrome/actions/share-2.svg","16|20|24|32|48","16","9b99338828d3a6b695d9a6a04bcbd893224c885b5d470e5b920039cab80478fe"
"UUI-0043","link-2","リンク","Link 2","actions","基本操作","「リンク」を表す汎用UIアイコン。基本操作に関する操作または状態表示に使用する。","color/actions/link-2.svg","monochrome/actions/link-2.svg","16|20|24|32|48","16","16664393c64df1fc0f4ddc975c2c2d3b22a37ef747ae8e3c259017eac39263ee"
"UUI-0044","unlink","リンク解除","Unlink","actions","基本操作","「リンク解除」を表す汎用UIアイコン。基本操作に関する操作または状態表示に使用する。","color/actions/unlink.svg","monochrome/actions/unlink.svg","16|20|24|32|48","16","71c658a56e987ec4b88b0243cd55eb1bd51409cad09d416e4e34d3e96e805e34"
"UUI-0045","search","検索","Search","actions","基本操作","「検索」を表す汎用UIアイコン。基本操作に関する操作または状態表示に使用する。","color/actions/search.svg","monochrome/actions/search.svg","16|20|24|32|48","16","7ef625bc9cd6f86bafe04b5b707937af56db855eeb74894d275f2b56b5d3c42e"
"UUI-0046","funnel","絞り込み","Funnel","actions","基本操作","「絞り込み」を表す汎用UIアイコン。基本操作に関する操作または状態表示に使用する。","color/actions/funnel.svg","monochrome/actions/funnel.svg","16|20|24|32|48","16","bddd314022c0d0156660d43197d1cbefc4ad1137ecf13c8ab62361862e19ed7a"
"UUI-0047","list-filter","一覧を絞り込む","List Filter","actions","基本操作","「一覧を絞り込む」を表す汎用UIアイコン。基本操作に関する操作または状態表示に使用する。","color/actions/list-filter.svg","monochrome/actions/list-filter.svg","16|20|24|32|48","16","9eecb0a3caccbfd107a0581ff9062b724dd869d35ccf5d5512d6b902907c933d"
"UUI-0048","sliders-horizontal","調整","Sliders Horizontal","actions","基本操作","「調整」を表す汎用UIアイコン。基本操作に関する操作または状態表示に使用する。","color/actions/sliders-horizontal.svg","monochrome/actions/sliders-horizontal.svg","16|20|24|32|48","16","91d56f6b86718567e8fa0e702244aa3ea9767bd97736871d41f4176a98515731"
"UUI-0049","ellipsis","その他","Ellipsis","actions","基本操作","「その他」を表す汎用UIアイコン。基本操作に関する操作または状態表示に使用する。","color/actions/ellipsis.svg","monochrome/actions/ellipsis.svg","16|20|24|32|48","16","9c981baf4eb4ba9dbd33b4d1d274f8085907d6f9d21b1ae757600203de09bbbe"
"UUI-0050","grip-vertical","並べ替えハンドル","Grip Vertical","actions","基本操作","「並べ替えハンドル」を表す汎用UIアイコン。基本操作に関する操作または状態表示に使用する。","color/actions/grip-vertical.svg","monochrome/actions/grip-vertical.svg","16|20|24|32|48","16","4d6361e64fa67dc57c314af06da71a7b66c13aece034abe85ce6b6ff685d8792"
"UUI-0051","file","ファイル","File","files","ファイルとフォルダー","「ファイル」を表す汎用UIアイコン。ファイルとフォルダーに関する操作または状態表示に使用する。","color/files/file.svg","monochrome/files/file.svg","16|20|24|32|48","16","50827b1347f08f24bb22c2b343bea813a9948339558703cd59ba078a5b6b6994"
"UUI-0052","file-text","文書ファイル","File Text","files","ファイルとフォルダー","「文書ファイル」を表す汎用UIアイコン。ファイルとフォルダーに関する操作または状態表示に使用する。","color/files/file-text.svg","monochrome/files/file-text.svg","16|20|24|32|48","16","3736b6a310328a969af9a64e8f1ff879c9905560a35ad80c30bdc545cd7aa679"
"UUI-0053","file-plus","ファイル追加","File Plus","files","ファイルとフォルダー","「ファイル追加」を表す汎用UIアイコン。ファイルとフォルダーに関する操作または状態表示に使用する。","color/files/file-plus.svg","monochrome/files/file-plus.svg","16|20|24|32|48","16","e689dcca6604a5eebd078edfa0271767dfc7aeffd338eea9372eb51de2ac2533"
"UUI-0054","file-minus","ファイル削除","File Minus","files","ファイルとフォルダー","「ファイル削除」を表す汎用UIアイコン。ファイルとフォルダーに関する操作または状態表示に使用する。","color/files/file-minus.svg","monochrome/files/file-minus.svg","16|20|24|32|48","16","7cbb94f77e893d050e9d0f6426c955ace0d566f9f3e3460269c4151bd0479bdb"
"UUI-0055","file-check","確認済みファイル","File Check","files","ファイルとフォルダー","「確認済みファイル」を表す汎用UIアイコン。ファイルとフォルダーに関する操作または状態表示に使用する。","color/files/file-check.svg","monochrome/files/file-check.svg","16|20|24|32|48","16","07246ebf6c94dfaa84c2d283097e3dd71df2d229a9919cc5e146afd41f73236a"
"UUI-0056","file-x","無効なファイル","File X","files","ファイルとフォルダー","「無効なファイル」を表す汎用UIアイコン。ファイルとフォルダーに関する操作または状態表示に使用する。","color/files/file-x.svg","monochrome/files/file-x.svg","16|20|24|32|48","16","aa29bd312b9b5b97ed996b0d1e851efc346f311fbb167daed7643dc4b3c022b9"
"UUI-0057","files","複数ファイル","Files","files","ファイルとフォルダー","「複数ファイル」を表す汎用UIアイコン。ファイルとフォルダーに関する操作または状態表示に使用する。","color/files/files.svg","monochrome/files/files.svg","16|20|24|32|48","16","82ef2e9d4b356c7276b647ee11c477b317e394446b0fb1ff1338d5c992552bba"
"UUI-0058","folder","フォルダー","Folder","files","ファイルとフォルダー","「フォルダー」を表す汎用UIアイコン。ファイルとフォルダーに関する操作または状態表示に使用する。","color/files/folder.svg","monochrome/files/folder.svg","16|20|24|32|48","16","ea0ea4d63c4fc7df66b963dcee77071f999587e1b5095dc172ecd66476f44b7e"
"UUI-0059","folder-open","開いたフォルダー","Folder Open","files","ファイルとフォルダー","「開いたフォルダー」を表す汎用UIアイコン。ファイルとフォルダーに関する操作または状態表示に使用する。","color/files/folder-open.svg","monochrome/files/folder-open.svg","16|20|24|32|48","16","95671690815c2b4a076b9517ba7f1815908943d92d2ff3961100095ab5c42844"
"UUI-0060","folder-plus","フォルダー追加","Folder Plus","files","ファイルとフォルダー","「フォルダー追加」を表す汎用UIアイコン。ファイルとフォルダーに関する操作または状態表示に使用する。","color/files/folder-plus.svg","monochrome/files/folder-plus.svg","16|20|24|32|48","16","ee9ae3d4fd68f5362ddfa5f77ccabd0134e26e86a02673e3e9833b5173b5215d"
"UUI-0061","folder-minus","フォルダー削除","Folder Minus","files","ファイルとフォルダー","「フォルダー削除」を表す汎用UIアイコン。ファイルとフォルダーに関する操作または状態表示に使用する。","color/files/folder-minus.svg","monochrome/files/folder-minus.svg","16|20|24|32|48","16","7ac07c1c50e399a84c802a9ef7b8c82ec81b0b17ae468429a0dd776ecc4e1020"
"UUI-0062","folder-check","確認済みフォルダー","Folder Check","files","ファイルとフォルダー","「確認済みフォルダー」を表す汎用UIアイコン。ファイルとフォルダーに関する操作または状態表示に使用する。","color/files/folder-check.svg","monochrome/files/folder-check.svg","16|20|24|32|48","16","241a29427f5c8b3eea03a7035024f743d4cdec316d4c2855cf84a86fa1280c72"
"UUI-0063","folder-x","無効なフォルダー","Folder X","files","ファイルとフォルダー","「無効なフォルダー」を表す汎用UIアイコン。ファイルとフォルダーに関する操作または状態表示に使用する。","color/files/folder-x.svg","monochrome/files/folder-x.svg","16|20|24|32|48","16","7d36b9f48ba17fbaf7733d9ee2bea325441af111c6ffe5ef154119637c21c6e2"
"UUI-0064","archive","アーカイブ","Archive","files","ファイルとフォルダー","「アーカイブ」を表す汎用UIアイコン。ファイルとフォルダーに関する操作または状態表示に使用する。","color/files/archive.svg","monochrome/files/archive.svg","16|20|24|32|48","16","60e8b7c4b29ad6f5e7b4612edaf4bf9b4ada4a83d0abfa0155551350a8fafdac"
"UUI-0065","archive-restore","アーカイブ復元","Archive Restore","files","ファイルとフォルダー","「アーカイブ復元」を表す汎用UIアイコン。ファイルとフォルダーに関する操作または状態表示に使用する。","color/files/archive-restore.svg","monochrome/files/archive-restore.svg","16|20|24|32|48","16","cce7f1b67f2f53f61a3b11edd88b9fa512b7fa595370e210efa389d7618b13ed"
"UUI-0066","inbox","受信箱","Inbox","files","ファイルとフォルダー","「受信箱」を表す汎用UIアイコン。ファイルとフォルダーに関する操作または状態表示に使用する。","color/files/inbox.svg","monochrome/files/inbox.svg","16|20|24|32|48","16","0cb51228a8a1d101c9d860746f372a6225270e70ab8dd78f93231345f0170e69"
"UUI-0067","receipt-text","明細書","Receipt Text","files","ファイルとフォルダー","「明細書」を表す汎用UIアイコン。ファイルとフォルダーに関する操作または状態表示に使用する。","color/files/receipt-text.svg","monochrome/files/receipt-text.svg","16|20|24|32|48","16","87cf5b0bc62100f91cd8329ebc32cbd5cc9467c89813f143d7fbe7eab4ff935b"
"UUI-0068","notebook","ノート","Notebook","files","ファイルとフォルダー","「ノート」を表す汎用UIアイコン。ファイルとフォルダーに関する操作または状態表示に使用する。","color/files/notebook.svg","monochrome/files/notebook.svg","16|20|24|32|48","16","dc178557e5bea978d5e758e1280203f4cba473904179e4d1a2b7e56b490c9052"
"UUI-0069","book-open","開いた本","Book Open","files","ファイルとフォルダー","「開いた本」を表す汎用UIアイコン。ファイルとフォルダーに関する操作または状態表示に使用する。","color/files/book-open.svg","monochrome/files/book-open.svg","16|20|24|32|48","16","07f50ac8c570acff8c113d2127b26fee9f81ed480f2dc9965f6bf38a09f30ee5"
"UUI-0070","bookmark","しおり","Bookmark","files","ファイルとフォルダー","「しおり」を表す汎用UIアイコン。ファイルとフォルダーに関する操作または状態表示に使用する。","color/files/bookmark.svg","monochrome/files/bookmark.svg","16|20|24|32|48","16","6a6f3a1282b71d0a1fe02299ac6ab4829442117e1338bb9044e87e62a1927721"
"UUI-0071","paperclip","添付","Paperclip","files","ファイルとフォルダー","「添付」を表す汎用UIアイコン。ファイルとフォルダーに関する操作または状態表示に使用する。","color/files/paperclip.svg","monochrome/files/paperclip.svg","16|20|24|32|48","16","c491b34a83919b03c0520073a27c72559014c70946765d490e52fd844462d656"
"UUI-0072","printer","印刷","Printer","files","ファイルとフォルダー","「印刷」を表す汎用UIアイコン。ファイルとフォルダーに関する操作または状態表示に使用する。","color/files/printer.svg","monochrome/files/printer.svg","16|20|24|32|48","16","c56c7be243e7b81a963fb6937264abed42a4cdf5b6291f10051b3089503dd474"
"UUI-0073","scan-text","文書読み取り","Scan Text","files","ファイルとフォルダー","「文書読み取り」を表す汎用UIアイコン。ファイルとフォルダーに関する操作または状態表示に使用する。","color/files/scan-text.svg","monochrome/files/scan-text.svg","16|20|24|32|48","16","82ea8c204ed0d1dd583b039c6dd4738a2f18f91cbbfb4ac8fff44a10000348ac"
"UUI-0074","clipboard","クリップボード","Clipboard","files","ファイルとフォルダー","「クリップボード」を表す汎用UIアイコン。ファイルとフォルダーに関する操作または状態表示に使用する。","color/files/clipboard.svg","monochrome/files/clipboard.svg","16|20|24|32|48","16","29e63a143a9258de2a2078671e8444fab0730625e04de92c475f272491052959"
"UUI-0075","clipboard-list","チェックリスト","Clipboard List","files","ファイルとフォルダー","「チェックリスト」を表す汎用UIアイコン。ファイルとフォルダーに関する操作または状態表示に使用する。","color/files/clipboard-list.svg","monochrome/files/clipboard-list.svg","16|20|24|32|48","16","08ab3f0f97a0596424d562c04040081e6e6b9ba9224c5cce6ffb8f2a4f8ada2f"
"UUI-0076","bold","太字","Bold","text","文字編集","「太字」を表す汎用UIアイコン。文字編集に関する操作または状態表示に使用する。","color/text/bold.svg","monochrome/text/bold.svg","16|20|24|32|48","16","c107d3b1b40483b5ed1afb85e754b462c1abe2d1e100ee86c87ea019795d8de3"
"UUI-0077","italic","斜体","Italic","text","文字編集","「斜体」を表す汎用UIアイコン。文字編集に関する操作または状態表示に使用する。","color/text/italic.svg","monochrome/text/italic.svg","16|20|24|32|48","16","98200072821544c16e0d2fdfbf8c985f0ff7db26d71f8d9d6e367e95c08b28ce"
"UUI-0078","underline","下線","Underline","text","文字編集","「下線」を表す汎用UIアイコン。文字編集に関する操作または状態表示に使用する。","color/text/underline.svg","monochrome/text/underline.svg","16|20|24|32|48","16","96fd77a8ccbf9ef88fb6a57e7c0370051c415dedc91541ff3ac13b85d1eec06d"
"UUI-0079","strikethrough","取り消し線","Strikethrough","text","文字編集","「取り消し線」を表す汎用UIアイコン。文字編集に関する操作または状態表示に使用する。","color/text/strikethrough.svg","monochrome/text/strikethrough.svg","16|20|24|32|48","16","88e03d45ed3ad515d921fa708f92b6e0780f8cb4b3d0e79a75141074913be81e"
"UUI-0080","type","文字","Type","text","文字編集","「文字」を表す汎用UIアイコン。文字編集に関する操作または状態表示に使用する。","color/text/type.svg","monochrome/text/type.svg","16|20|24|32|48","16","eccda6e32edc1bbde52c10fbb14d388b8f86257aa99a145e4383205d5192c9cd"
"UUI-0081","case-upper","大文字","Case Upper","text","文字編集","「大文字」を表す汎用UIアイコン。文字編集に関する操作または状態表示に使用する。","color/text/case-upper.svg","monochrome/text/case-upper.svg","16|20|24|32|48","16","7cd7e0633a1a2ca28e870799598d554f4f8902e9ef4db974c781534f1756e37d"
"UUI-0082","case-lower","小文字","Case Lower","text","文字編集","「小文字」を表す汎用UIアイコン。文字編集に関する操作または状態表示に使用する。","color/text/case-lower.svg","monochrome/text/case-lower.svg","16|20|24|32|48","16","9591bec19b47f5c20fe59a60f091641dacb757b7eb0d53b697df811a1c4005bc"
"UUI-0083","a-large-small","文字サイズ","A Large Small","text","文字編集","「文字サイズ」を表す汎用UIアイコン。文字編集に関する操作または状態表示に使用する。","color/text/a-large-small.svg","monochrome/text/a-large-small.svg","16|20|24|32|48","16","e1bed6d92b5a3d4e25d012bb1a14732d975424862c08915117c33007d338e1bd"
"UUI-0084","heading-1","見出し1","Heading 1","text","文字編集","「見出し1」を表す汎用UIアイコン。文字編集に関する操作または状態表示に使用する。","color/text/heading-1.svg","monochrome/text/heading-1.svg","16|20|24|32|48","16","3c2e2dd959e8485b4cf2132d196986c32e8552593f38fdb9ac72992c72b42c0f"
"UUI-0085","heading-2","見出し2","Heading 2","text","文字編集","「見出し2」を表す汎用UIアイコン。文字編集に関する操作または状態表示に使用する。","color/text/heading-2.svg","monochrome/text/heading-2.svg","16|20|24|32|48","16","1a6273f8d866fde3ddcfbe5b65df6a12f2ecbcbbb9ff674af1179053b1ce3258"
"UUI-0086","list","箇条書き","List","text","文字編集","「箇条書き」を表す汎用UIアイコン。文字編集に関する操作または状態表示に使用する。","color/text/list.svg","monochrome/text/list.svg","16|20|24|32|48","16","2509e885fc347e824a475bf98b2ffc16cac1d21186caa3a17150d61f30574037"
"UUI-0087","list-ordered","番号付き一覧","List Ordered","text","文字編集","「番号付き一覧」を表す汎用UIアイコン。文字編集に関する操作または状態表示に使用する。","color/text/list-ordered.svg","monochrome/text/list-ordered.svg","16|20|24|32|48","16","4031c6f01814bea03d9679e2414fff7fbccb5609d4d9db9d601b7ae2cdfbbd93"
"UUI-0088","list-checks","確認一覧","List Checks","text","文字編集","「確認一覧」を表す汎用UIアイコン。文字編集に関する操作または状態表示に使用する。","color/text/list-checks.svg","monochrome/text/list-checks.svg","16|20|24|32|48","16","9efb7aa6f69075f7717c7d1c414f73a8540b0608431c68334f2fbdfbc61169b9"
"UUI-0089","text-align-start","左揃え","Text Align Start","text","文字編集","「左揃え」を表す汎用UIアイコン。文字編集に関する操作または状態表示に使用する。","color/text/text-align-start.svg","monochrome/text/text-align-start.svg","16|20|24|32|48","16","7619af20a021818b2a7a8dd7be434553b62c85205e78bffa539a1981c669bd59"
"UUI-0090","text-align-center","中央揃え","Text Align Center","text","文字編集","「中央揃え」を表す汎用UIアイコン。文字編集に関する操作または状態表示に使用する。","color/text/text-align-center.svg","monochrome/text/text-align-center.svg","16|20|24|32|48","16","33099dfea59c29e26a182673a8597f4ec4834140286fe3879c1c6386f4134173"
"UUI-0091","text-align-end","右揃え","Text Align End","text","文字編集","「右揃え」を表す汎用UIアイコン。文字編集に関する操作または状態表示に使用する。","color/text/text-align-end.svg","monochrome/text/text-align-end.svg","16|20|24|32|48","16","277be24eaf3eeb80628f7911d6e88b8e816b7e7c90d31cfdb33951596a8e4462"
"UUI-0092","text-align-justify","両端揃え","Text Align Justify","text","文字編集","「両端揃え」を表す汎用UIアイコン。文字編集に関する操作または状態表示に使用する。","color/text/text-align-justify.svg","monochrome/text/text-align-justify.svg","16|20|24|32|48","16","79e5e8f97c03920082bd241eaba3254a1ec50b820c967182e4e899291470406a"
"UUI-0093","list-indent-increase","字下げを増やす","List Indent Increase","text","文字編集","「字下げを増やす」を表す汎用UIアイコン。文字編集に関する操作または状態表示に使用する。","color/text/list-indent-increase.svg","monochrome/text/list-indent-increase.svg","16|20|24|32|48","16","71589e25fb91bf1e1562a6b93fd8b939ce32c8cdd9bbb1d6c29ca50d4c8cadd6"
"UUI-0094","list-indent-decrease","字下げを減らす","List Indent Decrease","text","文字編集","「字下げを減らす」を表す汎用UIアイコン。文字編集に関する操作または状態表示に使用する。","color/text/list-indent-decrease.svg","monochrome/text/list-indent-decrease.svg","16|20|24|32|48","16","228a86443b6b9281c7e812ec6f5c2f24600ac470821dbed014e02ffb6ed8438a"
"UUI-0095","quote","引用","Quote","text","文字編集","「引用」を表す汎用UIアイコン。文字編集に関する操作または状態表示に使用する。","color/text/quote.svg","monochrome/text/quote.svg","16|20|24|32|48","16","42c78b3f66ae392df3834ebaf8caf916e39a39b9d41f94b7f2a1038d3cee02ba"
"UUI-0096","code","コード","Code","text","文字編集","「コード」を表す汎用UIアイコン。文字編集に関する操作または状態表示に使用する。","color/text/code.svg","monochrome/text/code.svg","16|20|24|32|48","16","1374b54a64aacf379704c057ee0a72b2571064ae5caca781bb7a561103363998"
"UUI-0097","pilcrow","段落記号","Pilcrow","text","文字編集","「段落記号」を表す汎用UIアイコン。文字編集に関する操作または状態表示に使用する。","color/text/pilcrow.svg","monochrome/text/pilcrow.svg","16|20|24|32|48","16","f7998dfc7076bab47f5d0048cf9f59ab539729d7a704278c7e2aaea5fe8ee6b1"
"UUI-0098","superscript","上付き文字","Superscript","text","文字編集","「上付き文字」を表す汎用UIアイコン。文字編集に関する操作または状態表示に使用する。","color/text/superscript.svg","monochrome/text/superscript.svg","16|20|24|32|48","16","89c9a4c9679430ba326e7c9e8130df30e020929131a6d39e46a83173cfd5c422"
"UUI-0099","subscript","下付き文字","Subscript","text","文字編集","「下付き文字」を表す汎用UIアイコン。文字編集に関する操作または状態表示に使用する。","color/text/subscript.svg","monochrome/text/subscript.svg","16|20|24|32|48","16","26bb61c2ce1f92f4752943d5bb8684a6c04c9aefad798e38ca82820f370de0b1"
"UUI-0100","spell-check","文章校正","Spell Check","text","文字編集","「文章校正」を表す汎用UIアイコン。文字編集に関する操作または状態表示に使用する。","color/text/spell-check.svg","monochrome/text/spell-check.svg","16|20|24|32|48","16","98860e29b175b13d47e86e1f1236ae518c365da70910a1a993d88ea5383a322e"
"UUI-0101","panel-left","左パネル","Panel Left","layout","画面とレイアウト","「左パネル」を表す汎用UIアイコン。画面とレイアウトに関する操作または状態表示に使用する。","color/layout/panel-left.svg","monochrome/layout/panel-left.svg","16|20|24|32|48","16","32ceca08ccfe0e0544bdcd625923012ff14e4b13151ff4bd6288f5335fc15dd1"
"UUI-0102","panel-right","右パネル","Panel Right","layout","画面とレイアウト","「右パネル」を表す汎用UIアイコン。画面とレイアウトに関する操作または状態表示に使用する。","color/layout/panel-right.svg","monochrome/layout/panel-right.svg","16|20|24|32|48","16","c674213f6b123b96f85cbf0f592292a39ec88a471a71beef0dc45a3ed8851d9c"
"UUI-0103","panel-top","上パネル","Panel Top","layout","画面とレイアウト","「上パネル」を表す汎用UIアイコン。画面とレイアウトに関する操作または状態表示に使用する。","color/layout/panel-top.svg","monochrome/layout/panel-top.svg","16|20|24|32|48","16","21200b45d25c27e091436d4b1eef482333d7dec6af22bacb41f1e837a086370c"
"UUI-0104","panel-bottom","下パネル","Panel Bottom","layout","画面とレイアウト","「下パネル」を表す汎用UIアイコン。画面とレイアウトに関する操作または状態表示に使用する。","color/layout/panel-bottom.svg","monochrome/layout/panel-bottom.svg","16|20|24|32|48","16","02b6b860387755c01eeb40b9a2aa6d4129d04ef59f460119c49def91b84784e0"
"UUI-0105","panel-left-open","左パネルを開く","Panel Left Open","layout","画面とレイアウト","「左パネルを開く」を表す汎用UIアイコン。画面とレイアウトに関する操作または状態表示に使用する。","color/layout/panel-left-open.svg","monochrome/layout/panel-left-open.svg","16|20|24|32|48","16","fd9cf4231b792be947c10ab6884cffce9f7c543c5d717fc5b095503433bd569f"
"UUI-0106","panel-left-close","左パネルを閉じる","Panel Left Close","layout","画面とレイアウト","「左パネルを閉じる」を表す汎用UIアイコン。画面とレイアウトに関する操作または状態表示に使用する。","color/layout/panel-left-close.svg","monochrome/layout/panel-left-close.svg","16|20|24|32|48","16","9f680f18a5968b441edc091a263e782e18914f71f6d3b43c26864e9321c68668"
"UUI-0107","panel-right-open","右パネルを開く","Panel Right Open","layout","画面とレイアウト","「右パネルを開く」を表す汎用UIアイコン。画面とレイアウトに関する操作または状態表示に使用する。","color/layout/panel-right-open.svg","monochrome/layout/panel-right-open.svg","16|20|24|32|48","16","0b773a2f483518629159a2da87da17944cc5fbaea380d2a174cc5311096a0dd8"
"UUI-0108","panel-right-close","右パネルを閉じる","Panel Right Close","layout","画面とレイアウト","「右パネルを閉じる」を表す汎用UIアイコン。画面とレイアウトに関する操作または状態表示に使用する。","color/layout/panel-right-close.svg","monochrome/layout/panel-right-close.svg","16|20|24|32|48","16","7a1faeaecd9819187923baf4d5d73b90adfa3e28615e771b716265eeab2c7a08"
"UUI-0109","columns-2","2列","Columns 2","layout","画面とレイアウト","「2列」を表す汎用UIアイコン。画面とレイアウトに関する操作または状態表示に使用する。","color/layout/columns-2.svg","monochrome/layout/columns-2.svg","16|20|24|32|48","16","c173d1b732908b256c7e0dd998169db1bc1895984b5091bfc586668c167cd9af"
"UUI-0110","rows-2","2行","Rows 2","layout","画面とレイアウト","「2行」を表す汎用UIアイコン。画面とレイアウトに関する操作または状態表示に使用する。","color/layout/rows-2.svg","monochrome/layout/rows-2.svg","16|20|24|32|48","16","0df45ef9a461cc49d7cf9ef22f4a79ba684fd45ffe34208667d129103e6b55ce"
"UUI-0111","grid-2x2","グリッド","Grid 2x2","layout","画面とレイアウト","「グリッド」を表す汎用UIアイコン。画面とレイアウトに関する操作または状態表示に使用する。","color/layout/grid-2x2.svg","monochrome/layout/grid-2x2.svg","16|20|24|32|48","16","90bfd9df00708e16fdc46de8da319feb5473ee7dcec10ddac36b4b9fff822c0f"
"UUI-0112","layout-grid","タイル配置","Layout Grid","layout","画面とレイアウト","「タイル配置」を表す汎用UIアイコン。画面とレイアウトに関する操作または状態表示に使用する。","color/layout/layout-grid.svg","monochrome/layout/layout-grid.svg","16|20|24|32|48","16","2bb5b6caa8aa4ba801811a453a995f3f4e6cd98d5c67035467a8f599651a0780"
"UUI-0113","table","表","Table","layout","画面とレイアウト","「表」を表す汎用UIアイコン。画面とレイアウトに関する操作または状態表示に使用する。","color/layout/table.svg","monochrome/layout/table.svg","16|20|24|32|48","16","fb8f4e6aac50808c284ce6df5e3e97b43ed47940efd506d938cdfed5c8cc1c76"
"UUI-0114","maximize-2","最大化","Maximize 2","layout","画面とレイアウト","「最大化」を表す汎用UIアイコン。画面とレイアウトに関する操作または状態表示に使用する。","color/layout/maximize-2.svg","monochrome/layout/maximize-2.svg","16|20|24|32|48","16","f6c17928697696c68623ed2d9b1b3163d1fd8cdb55c9d0b187ebb2f965e1eeeb"
"UUI-0115","minimize-2","最小化","Minimize 2","layout","画面とレイアウト","「最小化」を表す汎用UIアイコン。画面とレイアウトに関する操作または状態表示に使用する。","color/layout/minimize-2.svg","monochrome/layout/minimize-2.svg","16|20|24|32|48","16","a85b898dc068a1b1fcb5880f91ff1a12bd8fa05323c1236f0d80bb424e3bc578"
"UUI-0116","fullscreen","全画面","Fullscreen","layout","画面とレイアウト","「全画面」を表す汎用UIアイコン。画面とレイアウトに関する操作または状態表示に使用する。","color/layout/fullscreen.svg","monochrome/layout/fullscreen.svg","16|20|24|32|48","16","987f64b35a6b8c546682318d460a5dcfd56761ec4edf9dd285ec27bbc058bf96"
"UUI-0117","app-window","アプリ画面","App Window","layout","画面とレイアウト","「アプリ画面」を表す汎用UIアイコン。画面とレイアウトに関する操作または状態表示に使用する。","color/layout/app-window.svg","monochrome/layout/app-window.svg","16|20|24|32|48","16","8e133612c07022605f26750f0d24cd688a28c5bbc627295c2b6c5127083dc050"
"UUI-0118","monitor","デスクトップ画面","Monitor","layout","画面とレイアウト","「デスクトップ画面」を表す汎用UIアイコン。画面とレイアウトに関する操作または状態表示に使用する。","color/layout/monitor.svg","monochrome/layout/monitor.svg","16|20|24|32|48","16","2aaec26650fb4136af44c80bddd0a86a8ad89dfa67aff54280336aa0bdfd6d1f"
"UUI-0119","smartphone","スマートフォン画面","Smartphone","layout","画面とレイアウト","「スマートフォン画面」を表す汎用UIアイコン。画面とレイアウトに関する操作または状態表示に使用する。","color/layout/smartphone.svg","monochrome/layout/smartphone.svg","16|20|24|32|48","16","fa4cc99efb1b0947477fc3a372991b4dc87133dd8ed3030dc8dd52a0a1589f8e"
"UUI-0120","tablet","タブレット画面","Tablet","layout","画面とレイアウト","「タブレット画面」を表す汎用UIアイコン。画面とレイアウトに関する操作または状態表示に使用する。","color/layout/tablet.svg","monochrome/layout/tablet.svg","16|20|24|32|48","16","94df21bc1187b01a80ee8f74467fc68386fa90a5e203773c8bb1f167ff6abb7d"
"UUI-0121","laptop","ノートPC画面","Laptop","layout","画面とレイアウト","「ノートPC画面」を表す汎用UIアイコン。画面とレイアウトに関する操作または状態表示に使用する。","color/layout/laptop.svg","monochrome/layout/laptop.svg","16|20|24|32|48","16","0f2eaa51f3f719fe9e223e772452e1cddea7db8a46213ecbcef0dda449b67baa"
"UUI-0122","panels-top-left","ダッシュボード","Panels Top Left","layout","画面とレイアウト","「ダッシュボード」を表す汎用UIアイコン。画面とレイアウトに関する操作または状態表示に使用する。","color/layout/panels-top-left.svg","monochrome/layout/panels-top-left.svg","16|20|24|32|48","16","9969609d90a1e2282f4d7d18da13dc74fe1aab3b72fa9fd9a702e4072d512acb"
"UUI-0123","split","分割","Split","layout","画面とレイアウト","「分割」を表す汎用UIアイコン。画面とレイアウトに関する操作または状態表示に使用する。","color/layout/split.svg","monochrome/layout/split.svg","16|20|24|32|48","16","652b028d54e67381f57573c4440bb0e9d48a441d3c095d23d5cd14a5b8fd652f"
"UUI-0124","stretch-horizontal","横幅に合わせる","Stretch Horizontal","layout","画面とレイアウト","「横幅に合わせる」を表す汎用UIアイコン。画面とレイアウトに関する操作または状態表示に使用する。","color/layout/stretch-horizontal.svg","monochrome/layout/stretch-horizontal.svg","16|20|24|32|48","16","45493a78395ecb3bf73622a036c3be5cc9a34397dc07b4a8b57b1f35ccfa2b31"
"UUI-0125","layers","レイヤー","Layers","layout","画面とレイアウト","「レイヤー」を表す汎用UIアイコン。画面とレイアウトに関する操作または状態表示に使用する。","color/layout/layers.svg","monochrome/layout/layers.svg","16|20|24|32|48","16","ae25fec6ba1ff3e8f3a408e6bed21f435f290317ce220c6fb92f1c0ae99fd3b3"
"UUI-0126","mail","メール","Mail","communication","通信と連絡","「メール」を表す汎用UIアイコン。通信と連絡に関する操作または状態表示に使用する。","color/communication/mail.svg","monochrome/communication/mail.svg","16|20|24|32|48","16","11cb8dbe31ac51761c0fc0633a09bd030fcc53f7fa31bbc19a388f504af4d490"
"UUI-0127","mail-open","開封済みメール","Mail Open","communication","通信と連絡","「開封済みメール」を表す汎用UIアイコン。通信と連絡に関する操作または状態表示に使用する。","color/communication/mail-open.svg","monochrome/communication/mail-open.svg","16|20|24|32|48","16","789da55b2ae4a8aa299bfd5a63e3ca7bd1c3256bca2eb605a4a583a2ad534bdc"
"UUI-0128","send","送信","Send","communication","通信と連絡","「送信」を表す汎用UIアイコン。通信と連絡に関する操作または状態表示に使用する。","color/communication/send.svg","monochrome/communication/send.svg","16|20|24|32|48","16","7f3c513b5285aa1519f66e061edffb1d9fcb6e346286d46f5d280a8dd5217ffa"
"UUI-0129","reply","返信","Reply","communication","通信と連絡","「返信」を表す汎用UIアイコン。通信と連絡に関する操作または状態表示に使用する。","color/communication/reply.svg","monochrome/communication/reply.svg","16|20|24|32|48","16","65ca3b8e4fa9643495e113ccdffade74af77aa9e1cc959f7e9c1fea63af921fe"
"UUI-0130","reply-all","全員に返信","Reply All","communication","通信と連絡","「全員に返信」を表す汎用UIアイコン。通信と連絡に関する操作または状態表示に使用する。","color/communication/reply-all.svg","monochrome/communication/reply-all.svg","16|20|24|32|48","16","1d3db7d8f61b6e276c1f9adbbacd94a412138c910e069f3167cf63aa5026fca5"
"UUI-0131","forward","転送","Forward","communication","通信と連絡","「転送」を表す汎用UIアイコン。通信と連絡に関する操作または状態表示に使用する。","color/communication/forward.svg","monochrome/communication/forward.svg","16|20|24|32|48","16","e4a259d2b5db57d9525ecc704ddb1cdac244f275d2ec2d03f3fadb79a060a96c"
"UUI-0132","message-circle","会話","Message Circle","communication","通信と連絡","「会話」を表す汎用UIアイコン。通信と連絡に関する操作または状態表示に使用する。","color/communication/message-circle.svg","monochrome/communication/message-circle.svg","16|20|24|32|48","16","a184452f1e367e2383bb482dc619adaa320df2c83ad929405bafc62ea7109ad4"
"UUI-0133","message-square","メッセージ","Message Square","communication","通信と連絡","「メッセージ」を表す汎用UIアイコン。通信と連絡に関する操作または状態表示に使用する。","color/communication/message-square.svg","monochrome/communication/message-square.svg","16|20|24|32|48","16","ea0235374b2e36741315c2bd3f85b48a6c6b3a1093f7120620273cc03f75e1a8"
"UUI-0134","messages-square","複数メッセージ","Messages Square","communication","通信と連絡","「複数メッセージ」を表す汎用UIアイコン。通信と連絡に関する操作または状態表示に使用する。","color/communication/messages-square.svg","monochrome/communication/messages-square.svg","16|20|24|32|48","16","dca9063a3144b5d4294e08a7f2a16cadc42e00f822b13c4f609d93a78f0eabc4"
"UUI-0135","phone","電話","Phone","communication","通信と連絡","「電話」を表す汎用UIアイコン。通信と連絡に関する操作または状態表示に使用する。","color/communication/phone.svg","monochrome/communication/phone.svg","16|20|24|32|48","16","2d7aca1e3808ae31ba4bd02079649f069527133764e16b77f077a214371a70b3"
"UUI-0136","phone-call","通話","Phone Call","communication","通信と連絡","「通話」を表す汎用UIアイコン。通信と連絡に関する操作または状態表示に使用する。","color/communication/phone-call.svg","monochrome/communication/phone-call.svg","16|20|24|32|48","16","5f269c1b8fe5377e26f8549fd087a86d262000870c1b2158ac076a2d7eeab004"
"UUI-0137","phone-incoming","着信","Phone Incoming","communication","通信と連絡","「着信」を表す汎用UIアイコン。通信と連絡に関する操作または状態表示に使用する。","color/communication/phone-incoming.svg","monochrome/communication/phone-incoming.svg","16|20|24|32|48","16","8f4068f9b5a0b9406bd4f4814aa6e18c7ffe97e98f0c530a92a33b2dfbb0c49c"
"UUI-0138","phone-outgoing","発信","Phone Outgoing","communication","通信と連絡","「発信」を表す汎用UIアイコン。通信と連絡に関する操作または状態表示に使用する。","color/communication/phone-outgoing.svg","monochrome/communication/phone-outgoing.svg","16|20|24|32|48","16","f429aeb16aeb1bfe3637fea3c882477254942b6626096c9f97e0491fa8960f46"
"UUI-0139","video","ビデオ通話","Video","communication","通信と連絡","「ビデオ通話」を表す汎用UIアイコン。通信と連絡に関する操作または状態表示に使用する。","color/communication/video.svg","monochrome/communication/video.svg","16|20|24|32|48","16","a6cf8fb436d6ccdeb8f92260f606b7f7c97171abfa9cf99cfe78ea615a05e8a1"
"UUI-0140","mic","マイク","Mic","communication","通信と連絡","「マイク」を表す汎用UIアイコン。通信と連絡に関する操作または状態表示に使用する。","color/communication/mic.svg","monochrome/communication/mic.svg","16|20|24|32|48","16","34faf88e78a4810f8e36f1155fd5c1a77684fe1ac9c4f0595d5916434835e3b3"
"UUI-0141","mic-off","マイク無効","Mic Off","communication","通信と連絡","「マイク無効」を表す汎用UIアイコン。通信と連絡に関する操作または状態表示に使用する。","color/communication/mic-off.svg","monochrome/communication/mic-off.svg","16|20|24|32|48","16","8102d641c3fcf85945481a689d1805f57de7a0f9cf8fbcf5ecb23b6b5ec59279"
"UUI-0142","bell","通知","Bell","communication","通信と連絡","「通知」を表す汎用UIアイコン。通信と連絡に関する操作または状態表示に使用する。","color/communication/bell.svg","monochrome/communication/bell.svg","16|20|24|32|48","16","ea5c64f1d8088cd0adbab1423496f4914f7c6e243fef21b77d75a2011da11056"
"UUI-0143","bell-off","通知無効","Bell Off","communication","通信と連絡","「通知無効」を表す汎用UIアイコン。通信と連絡に関する操作または状態表示に使用する。","color/communication/bell-off.svg","monochrome/communication/bell-off.svg","16|20|24|32|48","16","b620fec36240499ad409ba7050d0c49192c798ed525ef01e993f757b3627fefb"
"UUI-0144","at-sign","宛先","At Sign","communication","通信と連絡","「宛先」を表す汎用UIアイコン。通信と連絡に関する操作または状態表示に使用する。","color/communication/at-sign.svg","monochrome/communication/at-sign.svg","16|20|24|32|48","16","56c43ea151e606af3228ab75b0675c2d68f6f75fe2f8483ca6ab6575fa54ab09"
"UUI-0145","contact","連絡先","Contact","communication","通信と連絡","「連絡先」を表す汎用UIアイコン。通信と連絡に関する操作または状態表示に使用する。","color/communication/contact.svg","monochrome/communication/contact.svg","16|20|24|32|48","16","87469532cf5697dc905ffb14e640d3b38e2d0ca63ab6b161237643848518016e"
"UUI-0146","users","グループ","Users","communication","通信と連絡","「グループ」を表す汎用UIアイコン。通信と連絡に関する操作または状態表示に使用する。","color/communication/users.svg","monochrome/communication/users.svg","16|20|24|32|48","16","d4b9ca064a90a332656039b9dab4968183dedb4bac326d31bd9a91f8851cc9c7"
"UUI-0147","user-plus","メンバー追加","User Plus","communication","通信と連絡","「メンバー追加」を表す汎用UIアイコン。通信と連絡に関する操作または状態表示に使用する。","color/communication/user-plus.svg","monochrome/communication/user-plus.svg","16|20|24|32|48","16","23844bb4b55272edc942a70cf3c66abfd4b578807f26bc31c5d83bd61532dab0"
"UUI-0148","user-minus","メンバー削除","User Minus","communication","通信と連絡","「メンバー削除」を表す汎用UIアイコン。通信と連絡に関する操作または状態表示に使用する。","color/communication/user-minus.svg","monochrome/communication/user-minus.svg","16|20|24|32|48","16","8d68bf5f30af5d72cdf1a9203e88ac280cbf28982a7b97a9c9f7e8da76f147af"
"UUI-0149","radio","配信","Radio","communication","通信と連絡","「配信」を表す汎用UIアイコン。通信と連絡に関する操作または状態表示に使用する。","color/communication/radio.svg","monochrome/communication/radio.svg","16|20|24|32|48","16","749124896205008dac436061b5e159900831c1a28507a930bc9c8ecf1ce91064"
"UUI-0150","megaphone","告知","Megaphone","communication","通信と連絡","「告知」を表す汎用UIアイコン。通信と連絡に関する操作または状態表示に使用する。","color/communication/megaphone.svg","monochrome/communication/megaphone.svg","16|20|24|32|48","16","9600f9c6a1cc63d8afd4efd7cfd7ca2dccf30790a965656c298daaebe32c6d9a"
"UUI-0151","user","ユーザー","User","users","ユーザーと認証","「ユーザー」を表す汎用UIアイコン。ユーザーと認証に関する操作または状態表示に使用する。","color/users/user.svg","monochrome/users/user.svg","16|20|24|32|48","16","e09e1603b5e74c87f7b455fda931e4fadcd2984336eb610dfc2638b8cc1503ff"
"UUI-0152","circle-user","ユーザーアカウント","Circle User","users","ユーザーと認証","「ユーザーアカウント」を表す汎用UIアイコン。ユーザーと認証に関する操作または状態表示に使用する。","color/users/circle-user.svg","monochrome/users/circle-user.svg","16|20|24|32|48","16","dab8f1195859befc310b70f821a6283c03ed3e6c05b123b8312d83ab0aa895d6"
"UUI-0153","users-round","ユーザー一覧","Users Round","users","ユーザーと認証","「ユーザー一覧」を表す汎用UIアイコン。ユーザーと認証に関する操作または状態表示に使用する。","color/users/users-round.svg","monochrome/users/users-round.svg","16|20|24|32|48","16","fa9e91087b0a13514fec2d9fcdb4a89b380acd070814f6e060e580bd42b4a315"
"UUI-0154","user-round-cog","ユーザー設定","User Round Cog","users","ユーザーと認証","「ユーザー設定」を表す汎用UIアイコン。ユーザーと認証に関する操作または状態表示に使用する。","color/users/user-round-cog.svg","monochrome/users/user-round-cog.svg","16|20|24|32|48","16","65e3a5d6bcffbd54877c65a0e1d320b721f659e691919f7502e1ca8090e1cd5a"
"UUI-0155","user-cog","アカウント設定","User Cog","users","ユーザーと認証","「アカウント設定」を表す汎用UIアイコン。ユーザーと認証に関する操作または状態表示に使用する。","color/users/user-cog.svg","monochrome/users/user-cog.svg","16|20|24|32|48","16","efaa62b1a448a8883b3b5122b0afaf434694ddfa99033544d1b0546ef8848fe2"
"UUI-0156","user-pen","プロフィール編集","User Pen","users","ユーザーと認証","「プロフィール編集」を表す汎用UIアイコン。ユーザーと認証に関する操作または状態表示に使用する。","color/users/user-pen.svg","monochrome/users/user-pen.svg","16|20|24|32|48","16","29872eb2401ff9011a482f30bbc2983959be834f29b10bcff6a2b9c6981264fd"
"UUI-0157","user-check","確認済みユーザー","User Check","users","ユーザーと認証","「確認済みユーザー」を表す汎用UIアイコン。ユーザーと認証に関する操作または状態表示に使用する。","color/users/user-check.svg","monochrome/users/user-check.svg","16|20|24|32|48","16","68845cd76add59b8639fb8acfcc5afa1d57fc54f2862c4fa2157b2dce697d569"
"UUI-0158","user-x","ユーザー無効","User X","users","ユーザーと認証","「ユーザー無効」を表す汎用UIアイコン。ユーザーと認証に関する操作または状態表示に使用する。","color/users/user-x.svg","monochrome/users/user-x.svg","16|20|24|32|48","16","7a6ec918f6106730c775bf16490a7401f072c62c0ee31296dd6e07d1395d719b"
"UUI-0159","user-search","ユーザー検索","User Search","users","ユーザーと認証","「ユーザー検索」を表す汎用UIアイコン。ユーザーと認証に関する操作または状態表示に使用する。","color/users/user-search.svg","monochrome/users/user-search.svg","16|20|24|32|48","16","5d3945c92b830b81aa9ddd2515feef1d569a3f503e918a65b751395ea1e30f82"
"UUI-0160","contact-round","人物連絡先","Contact Round","users","ユーザーと認証","「人物連絡先」を表す汎用UIアイコン。ユーザーと認証に関する操作または状態表示に使用する。","color/users/contact-round.svg","monochrome/users/contact-round.svg","16|20|24|32|48","16","4aa936eba81765962cc2aed7639fa3f90b7258713ba26c9bb31cdafd5c227a02"
"UUI-0161","id-card","IDカード","Id Card","users","ユーザーと認証","「IDカード」を表す汎用UIアイコン。ユーザーと認証に関する操作または状態表示に使用する。","color/users/id-card.svg","monochrome/users/id-card.svg","16|20|24|32|48","16","77c03190c6ac518f439a5ab535a9fd792d5037ac4e09612cf2e7dd04db31d5a6"
"UUI-0162","badge-check","認証済み","Badge Check","users","ユーザーと認証","「認証済み」を表す汎用UIアイコン。ユーザーと認証に関する操作または状態表示に使用する。","color/users/badge-check.svg","monochrome/users/badge-check.svg","16|20|24|32|48","16","dbe7e59f6d51a15467b8f75145935241c806a66f8edf58c93fe9bbc8ef78edc2"
"UUI-0163","accessibility","アクセシビリティ","Accessibility","users","ユーザーと認証","「アクセシビリティ」を表す汎用UIアイコン。ユーザーと認証に関する操作または状態表示に使用する。","color/users/accessibility.svg","monochrome/users/accessibility.svg","16|20|24|32|48","16","586cdfa3c929d690fdda366d4623dbc53cc496ddd438a94dd0e2526080f169eb"
"UUI-0164","scan-face","顔認証","Scan Face","users","ユーザーと認証","「顔認証」を表す汎用UIアイコン。ユーザーと認証に関する操作または状態表示に使用する。","color/users/scan-face.svg","monochrome/users/scan-face.svg","16|20|24|32|48","16","3138a8d7be952b7dda239474a314f06697358af4b0e7d11f1e82c206b2019715"
"UUI-0165","fingerprint-pattern","指紋認証","Fingerprint Pattern","users","ユーザーと認証","「指紋認証」を表す汎用UIアイコン。ユーザーと認証に関する操作または状態表示に使用する。","color/users/fingerprint-pattern.svg","monochrome/users/fingerprint-pattern.svg","16|20|24|32|48","16","81a350488939561afdd31fd71a9004ef7912ea98f03e140c1853a84b4aef9f4d"
"UUI-0166","log-in","ログイン","Log In","users","ユーザーと認証","「ログイン」を表す汎用UIアイコン。ユーザーと認証に関する操作または状態表示に使用する。","color/users/log-in.svg","monochrome/users/log-in.svg","16|20|24|32|48","16","9d13ebc100b676032dd498c918bc2aff2656ac4fcc148acadfcc95f352c6aff4"
"UUI-0167","log-out","ログアウト","Log Out","users","ユーザーと認証","「ログアウト」を表す汎用UIアイコン。ユーザーと認証に関する操作または状態表示に使用する。","color/users/log-out.svg","monochrome/users/log-out.svg","16|20|24|32|48","16","e41f1357d33db8a2ad98eecdc2b799d62e56237d87348aa287611e22a6bbd180"
"UUI-0168","door-open","入室","Door Open","users","ユーザーと認証","「入室」を表す汎用UIアイコン。ユーザーと認証に関する操作または状態表示に使用する。","color/users/door-open.svg","monochrome/users/door-open.svg","16|20|24|32|48","16","98716326e752d683a5d962e2af875dd15f3dd63b2e2cb2003394985be805c718"
"UUI-0169","door-closed","退室・閉鎖","Door Closed","users","ユーザーと認証","「退室・閉鎖」を表す汎用UIアイコン。ユーザーと認証に関する操作または状態表示に使用する。","color/users/door-closed.svg","monochrome/users/door-closed.svg","16|20|24|32|48","16","12551db80bdb7d8b589f77c197ebc7d09fef307b69c1b6494efff56f0f639e6e"
"UUI-0170","key-round","認証キー","Key Round","users","ユーザーと認証","「認証キー」を表す汎用UIアイコン。ユーザーと認証に関する操作または状態表示に使用する。","color/users/key-round.svg","monochrome/users/key-round.svg","16|20|24|32|48","16","a97ec82073e2eeafb3a35aed93ecf2f30f5d219dc5bca5c3087f5e1bd146c7d5"
"UUI-0171","user-round-key","キー管理","User Round Key","users","ユーザーと認証","「キー管理」を表す汎用UIアイコン。ユーザーと認証に関する操作または状態表示に使用する。","color/users/user-round-key.svg","monochrome/users/user-round-key.svg","16|20|24|32|48","16","eb39c45c4745fa6bb2ac671187088aef0637bed4f1995b3e9e2439759f2374c0"
"UUI-0172","key-square","アクセスキー","Key Square","users","ユーザーと認証","「アクセスキー」を表す汎用UIアイコン。ユーザーと認証に関する操作または状態表示に使用する。","color/users/key-square.svg","monochrome/users/key-square.svg","16|20|24|32|48","16","571a8b054e0b1baf4ccb95f33d24a68beeef0f9d0568d27d52977fdedce9d4d6"
"UUI-0173","square-user-round","プロフィールカード","Square User Round","users","ユーザーと認証","「プロフィールカード」を表す汎用UIアイコン。ユーザーと認証に関する操作または状態表示に使用する。","color/users/square-user-round.svg","monochrome/users/square-user-round.svg","16|20|24|32|48","16","1a9a3700d9b32b3ebc994f77d47176d79f6b9811594a531bb59a735fab7d1bf1"
"UUI-0174","badge-plus","権限追加","Badge Plus","users","ユーザーと認証","「権限追加」を表す汎用UIアイコン。ユーザーと認証に関する操作または状態表示に使用する。","color/users/badge-plus.svg","monochrome/users/badge-plus.svg","16|20|24|32|48","16","eca49d19fde2882f288e0026ccf9e2e67dad67d9798743a0080c1a10235e2de9"
"UUI-0175","badge-minus","権限削除","Badge Minus","users","ユーザーと認証","「権限削除」を表す汎用UIアイコン。ユーザーと認証に関する操作または状態表示に使用する。","color/users/badge-minus.svg","monochrome/users/badge-minus.svg","16|20|24|32|48","16","68e0d3b48481b757b7a27fdd1b3b473e20abf8f1755e8e5665a7ab2b350e2017"
"UUI-0176","lock","ロック","Lock","security","セキュリティ","「ロック」を表す汎用UIアイコン。セキュリティに関する操作または状態表示に使用する。","color/security/lock.svg","monochrome/security/lock.svg","16|20|24|32|48","16","6c8159258d86110f346a827315b7f894c2e720e4008b5a12767808c8bc220e10"
"UUI-0177","lock-open","ロック解除","Lock Open","security","セキュリティ","「ロック解除」を表す汎用UIアイコン。セキュリティに関する操作または状態表示に使用する。","color/security/lock-open.svg","monochrome/security/lock-open.svg","16|20|24|32|48","16","9c88702f13a8f319cc5575b6c6ef1057fcea52bb52728660057c0efb3e22e277"
"UUI-0178","shield","保護","Shield","security","セキュリティ","「保護」を表す汎用UIアイコン。セキュリティに関する操作または状態表示に使用する。","color/security/shield.svg","monochrome/security/shield.svg","16|20|24|32|48","16","6c735ff2890011f939c62c3b7a80aafb54f1e6ba4320547536e3d5e0a0dfd95b"
"UUI-0179","shield-check","安全","Shield Check","security","セキュリティ","「安全」を表す汎用UIアイコン。セキュリティに関する操作または状態表示に使用する。","color/security/shield-check.svg","monochrome/security/shield-check.svg","16|20|24|32|48","16","b725ec948cd91e5592deba20c967fa61cd6ae93944bce5ab5923703f90915a88"
"UUI-0180","shield-alert","セキュリティ警告","Shield Alert","security","セキュリティ","「セキュリティ警告」を表す汎用UIアイコン。セキュリティに関する操作または状態表示に使用する。","color/security/shield-alert.svg","monochrome/security/shield-alert.svg","16|20|24|32|48","16","ee98bd93504c99034bdb20a0788d350bae915b782cffbb1f4bc13ff18461dc28"
"UUI-0181","shield-x","保護失敗","Shield X","security","セキュリティ","「保護失敗」を表す汎用UIアイコン。セキュリティに関する操作または状態表示に使用する。","color/security/shield-x.svg","monochrome/security/shield-x.svg","16|20|24|32|48","16","5724722d84395b1b17e91aceea8feb5fb08d19a80fa94aa3bee6b267bea4d9cb"
"UUI-0182","shield-ban","アクセス禁止","Shield Ban","security","セキュリティ","「アクセス禁止」を表す汎用UIアイコン。セキュリティに関する操作または状態表示に使用する。","color/security/shield-ban.svg","monochrome/security/shield-ban.svg","16|20|24|32|48","16","536bfe0c0dbb4c12d10b5caf8ee13b765c4251a9381e7de05cb2431cab82fe75"
"UUI-0183","shield-plus","保護を追加","Shield Plus","security","セキュリティ","「保護を追加」を表す汎用UIアイコン。セキュリティに関する操作または状態表示に使用する。","color/security/shield-plus.svg","monochrome/security/shield-plus.svg","16|20|24|32|48","16","a91b8890406d69e5892dbdd13854ba455a13d6f5e3a3abf769c4643998cfad28"
"UUI-0184","shield-minus","保護を解除","Shield Minus","security","セキュリティ","「保護を解除」を表す汎用UIアイコン。セキュリティに関する操作または状態表示に使用する。","color/security/shield-minus.svg","monochrome/security/shield-minus.svg","16|20|24|32|48","16","9e7e18ef240ba599e5ed9e06ff08119a74c0b1a3f643ac1374f9d63f8c5962d7"
"UUI-0185","shield-question-mark","保護状態不明","Shield Question Mark","security","セキュリティ","「保護状態不明」を表す汎用UIアイコン。セキュリティに関する操作または状態表示に使用する。","color/security/shield-question-mark.svg","monochrome/security/shield-question-mark.svg","16|20|24|32|48","16","c14e37a21fcd0fab28342400de243ed00b0a4e796df501bc5811613630a95e18"
"UUI-0186","eye","表示","Eye","security","セキュリティ","「表示」を表す汎用UIアイコン。セキュリティに関する操作または状態表示に使用する。","color/security/eye.svg","monochrome/security/eye.svg","16|20|24|32|48","16","014a92e763d1b66b6bed4270adc2938768277921fa6747925da48bcddfc454bc"
"UUI-0187","eye-off","非表示","Eye Off","security","セキュリティ","「非表示」を表す汎用UIアイコン。セキュリティに関する操作または状態表示に使用する。","color/security/eye-off.svg","monochrome/security/eye-off.svg","16|20|24|32|48","16","7158556a7e9f61d7cab1f74d7b61b271a9d185b3881cf2d25d48a749643d1543"
"UUI-0188","scan-eye","視覚確認","Scan Eye","security","セキュリティ","「視覚確認」を表す汎用UIアイコン。セキュリティに関する操作または状態表示に使用する。","color/security/scan-eye.svg","monochrome/security/scan-eye.svg","16|20|24|32|48","16","d90b96457351f4622e5ffe8d2d54f5908412057bb3945dbc09e0af097896284e"
"UUI-0189","scan-line","スキャン","Scan Line","security","セキュリティ","「スキャン」を表す汎用UIアイコン。セキュリティに関する操作または状態表示に使用する。","color/security/scan-line.svg","monochrome/security/scan-line.svg","16|20|24|32|48","16","3d2c208488be5b5ab570c36e268bff169fa06e1b336fc17897bed577eddeee10"
"UUI-0190","key","鍵","Key","security","セキュリティ","「鍵」を表す汎用UIアイコン。セキュリティに関する操作または状態表示に使用する。","color/security/key.svg","monochrome/security/key.svg","16|20|24|32|48","16","ddd0e327a761fd4d000d874edba01ae7c6d762365a4d313b9a10297339b8f5c4"
"UUI-0191","vault","金庫","Vault","security","セキュリティ","「金庫」を表す汎用UIアイコン。セキュリティに関する操作または状態表示に使用する。","color/security/vault.svg","monochrome/security/vault.svg","16|20|24|32|48","16","c27b565e2e5f98dc95a37893ceb598aa6880f63ad1fc6bdc88dc06b15ac63efa"
"UUI-0192","siren","警報","Siren","security","セキュリティ","「警報」を表す汎用UIアイコン。セキュリティに関する操作または状態表示に使用する。","color/security/siren.svg","monochrome/security/siren.svg","16|20|24|32|48","16","8757fffc08f94031f2d30e69cc924fa0de415a3abbf44ed2e00c73e92913b70f"
"UUI-0193","triangle-alert","警告","Triangle Alert","security","セキュリティ","「警告」を表す汎用UIアイコン。セキュリティに関する操作または状態表示に使用する。","color/security/triangle-alert.svg","monochrome/security/triangle-alert.svg","16|20|24|32|48","16","aedbbf5fb118d28a0c0fbbe513be0b4ff0a04d6123c013a14c96356e2659e02b"
"UUI-0194","circle-alert","注意","Circle Alert","security","セキュリティ","「注意」を表す汎用UIアイコン。セキュリティに関する操作または状態表示に使用する。","color/security/circle-alert.svg","monochrome/security/circle-alert.svg","16|20|24|32|48","16","68d8233ad53ba9aa6df29beb594eca452b97c0cbae0c331a5c6713752ff73ac3"
"UUI-0195","octagon-alert","重大警告","Octagon Alert","security","セキュリティ","「重大警告」を表す汎用UIアイコン。セキュリティに関する操作または状態表示に使用する。","color/security/octagon-alert.svg","monochrome/security/octagon-alert.svg","16|20|24|32|48","16","9ee6febe9483b8c82a4a24fa02f4ff83b01aba3582a7d6721d65f2335e9486b3"
"UUI-0196","ban","禁止","Ban","security","セキュリティ","「禁止」を表す汎用UIアイコン。セキュリティに関する操作または状態表示に使用する。","color/security/ban.svg","monochrome/security/ban.svg","16|20|24|32|48","16","606a1907c40977898ac793935f173949f0ae594f5e4ce8685a15caa4f9f5a140"
"UUI-0197","circle-question-mark","ヘルプ","Circle Question Mark","security","セキュリティ","「ヘルプ」を表す汎用UIアイコン。セキュリティに関する操作または状態表示に使用する。","color/security/circle-question-mark.svg","monochrome/security/circle-question-mark.svg","16|20|24|32|48","16","1f4c92b16abf8a678f1511225254eca5fa028157e1a3af0299a1c3022091fdad"
"UUI-0198","info","情報","Info","security","セキュリティ","「情報」を表す汎用UIアイコン。セキュリティに関する操作または状態表示に使用する。","color/security/info.svg","monochrome/security/info.svg","16|20|24|32|48","16","2edd27fc3eca02320e4ce0e72af9459cbffbf7882a7aa09cace6d368eb0b3501"
"UUI-0199","bug-off","脅威を除去","Bug Off","security","セキュリティ","「脅威を除去」を表す汎用UIアイコン。セキュリティに関する操作または状態表示に使用する。","color/security/bug-off.svg","monochrome/security/bug-off.svg","16|20|24|32|48","16","8a6e78a894d04e6751b97612f9c34b74d31a4f77ae8b3ec3ff788c13446a293a"
"UUI-0200","file-lock","保護ファイル","File Lock","security","セキュリティ","「保護ファイル」を表す汎用UIアイコン。セキュリティに関する操作または状態表示に使用する。","color/security/file-lock.svg","monochrome/security/file-lock.svg","16|20|24|32|48","16","e06a7bdbe6f59a8d08a155be437e98540e2fc31884630494fce71172f1865663"
"UUI-0201","calendar","カレンダー","Calendar","time","日時と履歴","「カレンダー」を表す汎用UIアイコン。日時と履歴に関する操作または状態表示に使用する。","color/time/calendar.svg","monochrome/time/calendar.svg","16|20|24|32|48","16","b46184e2779d33f2631a4ac459f9fd885633525d13f5e914d38125d15f56d90d"
"UUI-0202","calendar-days","日程","Calendar Days","time","日時と履歴","「日程」を表す汎用UIアイコン。日時と履歴に関する操作または状態表示に使用する。","color/time/calendar-days.svg","monochrome/time/calendar-days.svg","16|20|24|32|48","16","7fee830191c3288637329062cd674129b78ea99e099b491cbb85cd7f3f2b1ea2"
"UUI-0203","calendar-check-2","予定確定","Calendar Check 2","time","日時と履歴","「予定確定」を表す汎用UIアイコン。日時と履歴に関する操作または状態表示に使用する。","color/time/calendar-check-2.svg","monochrome/time/calendar-check-2.svg","16|20|24|32|48","16","940ccdc7a4804ad200653719b9a78fc4ab199a5b8cfb175245085eb85891b08e"
"UUI-0204","calendar-plus-2","予定追加","Calendar Plus 2","time","日時と履歴","「予定追加」を表す汎用UIアイコン。日時と履歴に関する操作または状態表示に使用する。","color/time/calendar-plus-2.svg","monochrome/time/calendar-plus-2.svg","16|20|24|32|48","16","137be664fea04f35b0860a1b63c23adc3875259532b64678ca77c85a69d21399"
"UUI-0205","calendar-minus-2","予定削除","Calendar Minus 2","time","日時と履歴","「予定削除」を表す汎用UIアイコン。日時と履歴に関する操作または状態表示に使用する。","color/time/calendar-minus-2.svg","monochrome/time/calendar-minus-2.svg","16|20|24|32|48","16","b41d630afb26cfa41c9f272ba4f848f6bf6e48ad8c33ab0ce9207dabb855d0ba"
"UUI-0206","calendar-x-2","予定取消","Calendar X 2","time","日時と履歴","「予定取消」を表す汎用UIアイコン。日時と履歴に関する操作または状態表示に使用する。","color/time/calendar-x-2.svg","monochrome/time/calendar-x-2.svg","16|20|24|32|48","16","74bec183ad00f80c0450b4ffb7a3b19a8feddf5735105543c8bc5e24e60e870c"
"UUI-0207","calendar-clock","日時指定","Calendar Clock","time","日時と履歴","「日時指定」を表す汎用UIアイコン。日時と履歴に関する操作または状態表示に使用する。","color/time/calendar-clock.svg","monochrome/time/calendar-clock.svg","16|20|24|32|48","16","227b61c45211d2c761b065d5ce5c26ef87a04010d6ce22ad52a19dd948d021a6"
"UUI-0208","calendar-range","期間","Calendar Range","time","日時と履歴","「期間」を表す汎用UIアイコン。日時と履歴に関する操作または状態表示に使用する。","color/time/calendar-range.svg","monochrome/time/calendar-range.svg","16|20|24|32|48","16","1267b635b85e6f0d67b4fcadec0c511d32da51ef06a05a5f34ca468092f877ac"
"UUI-0209","clock","時刻","Clock","time","日時と履歴","「時刻」を表す汎用UIアイコン。日時と履歴に関する操作または状態表示に使用する。","color/time/clock.svg","monochrome/time/clock.svg","16|20|24|32|48","16","dd21f95bc00fa4d93395ffd11d86153487f49750df91981dd67cf0cbdec18c4d"
"UUI-0210","alarm-clock","アラーム","Alarm Clock","time","日時と履歴","「アラーム」を表す汎用UIアイコン。日時と履歴に関する操作または状態表示に使用する。","color/time/alarm-clock.svg","monochrome/time/alarm-clock.svg","16|20|24|32|48","16","b167deab1885e9e80c8b377e6d222d1bfb4593be1e5eab141998276060d97f14"
"UUI-0211","alarm-clock-check","アラーム有効","Alarm Clock Check","time","日時と履歴","「アラーム有効」を表す汎用UIアイコン。日時と履歴に関する操作または状態表示に使用する。","color/time/alarm-clock-check.svg","monochrome/time/alarm-clock-check.svg","16|20|24|32|48","16","d2a09164d795f07eb2fc3a2aedc6a03249a552b40c0165ef1accacb045531fe5"
"UUI-0212","alarm-clock-plus","アラーム追加","Alarm Clock Plus","time","日時と履歴","「アラーム追加」を表す汎用UIアイコン。日時と履歴に関する操作または状態表示に使用する。","color/time/alarm-clock-plus.svg","monochrome/time/alarm-clock-plus.svg","16|20|24|32|48","16","687bf6a7e496baefcee4b9262a879bb06cc87384ad8eb6a03df6163c798fad75"
"UUI-0213","alarm-clock-minus","アラーム削除","Alarm Clock Minus","time","日時と履歴","「アラーム削除」を表す汎用UIアイコン。日時と履歴に関する操作または状態表示に使用する。","color/time/alarm-clock-minus.svg","monochrome/time/alarm-clock-minus.svg","16|20|24|32|48","16","f62a6454e264c3770ca11005d2fa90af899ac0b27dcb295b5a243f8a03e725a5"
"UUI-0214","timer","タイマー","Timer","time","日時と履歴","「タイマー」を表す汎用UIアイコン。日時と履歴に関する操作または状態表示に使用する。","color/time/timer.svg","monochrome/time/timer.svg","16|20|24|32|48","16","35b4ded92583e9e1df483a1272987ba4625b241ca1cb7566c05e80f70eb7b520"
"UUI-0215","timer-reset","タイマー再設定","Timer Reset","time","日時と履歴","「タイマー再設定」を表す汎用UIアイコン。日時と履歴に関する操作または状態表示に使用する。","color/time/timer-reset.svg","monochrome/time/timer-reset.svg","16|20|24|32|48","16","1a20e0642d80e79260fe57c6ac69a73f615fce4b0afafe7d7d8f6c087b9ce906"
"UUI-0216","hourglass","待機時間","Hourglass","time","日時と履歴","「待機時間」を表す汎用UIアイコン。日時と履歴に関する操作または状態表示に使用する。","color/time/hourglass.svg","monochrome/time/hourglass.svg","16|20|24|32|48","16","f6540f41642707e4a59fe314adbcc5ef59ea4201bc85b8336cde083fbd01bb3b"
"UUI-0217","history","履歴","History","time","日時と履歴","「履歴」を表す汎用UIアイコン。日時と履歴に関する操作または状態表示に使用する。","color/time/history.svg","monochrome/time/history.svg","16|20|24|32|48","16","9a0f40bd4a739e2e201759b902496965b9ddc9f05412559ad2949e1a73649822"
"UUI-0218","repeat-2","繰り返し","Repeat 2","time","日時と履歴","「繰り返し」を表す汎用UIアイコン。日時と履歴に関する操作または状態表示に使用する。","color/time/repeat-2.svg","monochrome/time/repeat-2.svg","16|20|24|32|48","16","e09e89487f7bf2b1d171470442c65bdacda37f6293675caf90a6b4b2dda781c1"
"UUI-0219","refresh-ccw","再読み込み","Refresh Ccw","time","日時と履歴","「再読み込み」を表す汎用UIアイコン。日時と履歴に関する操作または状態表示に使用する。","color/time/refresh-ccw.svg","monochrome/time/refresh-ccw.svg","16|20|24|32|48","16","2173f05828b69da6eabea65eb1597ac39ab4f2b0ab8d6966777ee17e279b612d"
"UUI-0220","rotate-ccw","反時計回り","Rotate Ccw","time","日時と履歴","「反時計回り」を表す汎用UIアイコン。日時と履歴に関する操作または状態表示に使用する。","color/time/rotate-ccw.svg","monochrome/time/rotate-ccw.svg","16|20|24|32|48","16","55d5abaaec811df5937e3daa844c3fe32277901e9b30a7c0793aaabe24b67f00"
"UUI-0221","rotate-cw","時計回り","Rotate Cw","time","日時と履歴","「時計回り」を表す汎用UIアイコン。日時と履歴に関する操作または状態表示に使用する。","color/time/rotate-cw.svg","monochrome/time/rotate-cw.svg","16|20|24|32|48","16","2539349eae17051a4374826692d80d27fc73c291af32361655f00da66f1e0b71"
"UUI-0222","fast-forward","早送り","Fast Forward","time","日時と履歴","「早送り」を表す汎用UIアイコン。日時と履歴に関する操作または状態表示に使用する。","color/time/fast-forward.svg","monochrome/time/fast-forward.svg","16|20|24|32|48","16","f9e903a90c27a9a59a04a2a333d9daa4452caab764e94b275c67039c43e0a8f6"
"UUI-0223","rewind","巻き戻し","Rewind","time","日時と履歴","「巻き戻し」を表す汎用UIアイコン。日時と履歴に関する操作または状態表示に使用する。","color/time/rewind.svg","monochrome/time/rewind.svg","16|20|24|32|48","16","f39095ec11d86687781c7936b3c20545a6168803414bade42ea4acdd462fe24f"
"UUI-0224","watch","腕時計","Watch","time","日時と履歴","「腕時計」を表す汎用UIアイコン。日時と履歴に関する操作または状態表示に使用する。","color/time/watch.svg","monochrome/time/watch.svg","16|20|24|32|48","16","63b264a2b7c80151af545882d2c6b41208744068f6e0ed7801e58a166d0a99c8"
"UUI-0225","bell-ring","通知時刻","Bell Ring","time","日時と履歴","「通知時刻」を表す汎用UIアイコン。日時と履歴に関する操作または状態表示に使用する。","color/time/bell-ring.svg","monochrome/time/bell-ring.svg","16|20|24|32|48","16","4871993692aa2d287a2dbd132d5177c11d319296111d50d2b537126651a54a47"
"UUI-0226","play","再生","Play","media","画像・音声・映像","「再生」を表す汎用UIアイコン。画像・音声・映像に関する操作または状態表示に使用する。","color/media/play.svg","monochrome/media/play.svg","16|20|24|32|48","16","10b9085906809cb4c344abce46267995a0cc682b396deffe35091ce99dbd3254"
"UUI-0227","pause","一時停止","Pause","media","画像・音声・映像","「一時停止」を表す汎用UIアイコン。画像・音声・映像に関する操作または状態表示に使用する。","color/media/pause.svg","monochrome/media/pause.svg","16|20|24|32|48","16","c54db0a28f0cdbe0136f109724e26c5d4880771fe6a0418799216d1c04187d7f"
"UUI-0228","circle-stop","停止","Circle Stop","media","画像・音声・映像","「停止」を表す汎用UIアイコン。画像・音声・映像に関する操作または状態表示に使用する。","color/media/circle-stop.svg","monochrome/media/circle-stop.svg","16|20|24|32|48","16","dccdb1017d13ca4e07391b7383f5a87e2304c610f5e2410d59a3ac0371914fb3"
"UUI-0229","skip-back","前へスキップ","Skip Back","media","画像・音声・映像","「前へスキップ」を表す汎用UIアイコン。画像・音声・映像に関する操作または状態表示に使用する。","color/media/skip-back.svg","monochrome/media/skip-back.svg","16|20|24|32|48","16","99a0241eec6c633afd5940bf2d794a03e5188c4ee7e703a6b799ab3019c9164b"
"UUI-0230","skip-forward","次へスキップ","Skip Forward","media","画像・音声・映像","「次へスキップ」を表す汎用UIアイコン。画像・音声・映像に関する操作または状態表示に使用する。","color/media/skip-forward.svg","monochrome/media/skip-forward.svg","16|20|24|32|48","16","e8c8524fbfe26ef21d15def8fcc7428d8d04e1ef55567760c066d2cb89b11930"
"UUI-0231","volume","音量","Volume","media","画像・音声・映像","「音量」を表す汎用UIアイコン。画像・音声・映像に関する操作または状態表示に使用する。","color/media/volume.svg","monochrome/media/volume.svg","16|20|24|32|48","16","c7a3d18d42ee00a7eb44d292d71643bf6d73ffb249ebc80892de00f5d2128fe2"
"UUI-0232","volume-1","音量小","Volume 1","media","画像・音声・映像","「音量小」を表す汎用UIアイコン。画像・音声・映像に関する操作または状態表示に使用する。","color/media/volume-1.svg","monochrome/media/volume-1.svg","16|20|24|32|48","16","e402c3284559c837e75667930f52cb1bc9f4bd7e463dc3575a5bd665af6cb970"
"UUI-0233","volume-2","音量大","Volume 2","media","画像・音声・映像","「音量大」を表す汎用UIアイコン。画像・音声・映像に関する操作または状態表示に使用する。","color/media/volume-2.svg","monochrome/media/volume-2.svg","16|20|24|32|48","16","756cad006aa5c4d63b509a30d5ad36c4acfee4a75be7f0353a0a8da209ad9cf8"
"UUI-0234","volume-x","消音","Volume X","media","画像・音声・映像","「消音」を表す汎用UIアイコン。画像・音声・映像に関する操作または状態表示に使用する。","color/media/volume-x.svg","monochrome/media/volume-x.svg","16|20|24|32|48","16","65d82689dd0150fe01c56f61d948d648d93b036afe434dbecffb63df85d2c00b"
"UUI-0235","music","音楽","Music","media","画像・音声・映像","「音楽」を表す汎用UIアイコン。画像・音声・映像に関する操作または状態表示に使用する。","color/media/music.svg","monochrome/media/music.svg","16|20|24|32|48","16","2d6bac27325c7571dba86b81e974aa8986bb155823832d5f1142778c789635f4"
"UUI-0236","audio-lines","音声波形","Audio Lines","media","画像・音声・映像","「音声波形」を表す汎用UIアイコン。画像・音声・映像に関する操作または状態表示に使用する。","color/media/audio-lines.svg","monochrome/media/audio-lines.svg","16|20|24|32|48","16","5f394bc82565f905dbd00d4e0b30321e7d7450f4b3f7697f5183947e1e4ff549"
"UUI-0237","headphones","ヘッドホン","Headphones","media","画像・音声・映像","「ヘッドホン」を表す汎用UIアイコン。画像・音声・映像に関する操作または状態表示に使用する。","color/media/headphones.svg","monochrome/media/headphones.svg","16|20|24|32|48","16","914150a89b9bc3056f8d24d9a97b90d407ad0a363735033580621f37c3b249f2"
"UUI-0238","podcast","ポッドキャスト","Podcast","media","画像・音声・映像","「ポッドキャスト」を表す汎用UIアイコン。画像・音声・映像に関する操作または状態表示に使用する。","color/media/podcast.svg","monochrome/media/podcast.svg","16|20|24|32|48","16","419ccb36bdd15f233285adf97088ffc7b39ecee950eba55f7896298c9cdc4a69"
"UUI-0239","film","映像","Film","media","画像・音声・映像","「映像」を表す汎用UIアイコン。画像・音声・映像に関する操作または状態表示に使用する。","color/media/film.svg","monochrome/media/film.svg","16|20|24|32|48","16","b72a2e599ae215029ae54b6094831423abc7facc89ce8747a7aea4650d07a89c"
"UUI-0240","clapperboard","動画制作","Clapperboard","media","画像・音声・映像","「動画制作」を表す汎用UIアイコン。画像・音声・映像に関する操作または状態表示に使用する。","color/media/clapperboard.svg","monochrome/media/clapperboard.svg","16|20|24|32|48","16","a49dbd9f3804cee3746c5485e4626449e67fc57e867f00bd26795cedbfd66afa"
"UUI-0241","camera","カメラ","Camera","media","画像・音声・映像","「カメラ」を表す汎用UIアイコン。画像・音声・映像に関する操作または状態表示に使用する。","color/media/camera.svg","monochrome/media/camera.svg","16|20|24|32|48","16","8069c65ef1b1bc0bc0bc11003cca8e988b095f9ca9432428405690496f303cc0"
"UUI-0242","image","画像","Image","media","画像・音声・映像","「画像」を表す汎用UIアイコン。画像・音声・映像に関する操作または状態表示に使用する。","color/media/image.svg","monochrome/media/image.svg","16|20|24|32|48","16","d9999ac68b1b218f573ca09b324d29abff0ecd9530fa8da222551ca2250ff202"
"UUI-0243","images","画像一覧","Images","media","画像・音声・映像","「画像一覧」を表す汎用UIアイコン。画像・音声・映像に関する操作または状態表示に使用する。","color/media/images.svg","monochrome/media/images.svg","16|20|24|32|48","16","b2af95ecd1b8f8151253b64252e28f682eb88f500ddf057fc27461023e1a5b8d"
"UUI-0244","aperture","絞り","Aperture","media","画像・音声・映像","「絞り」を表す汎用UIアイコン。画像・音声・映像に関する操作または状態表示に使用する。","color/media/aperture.svg","monochrome/media/aperture.svg","16|20|24|32|48","16","1dc2e4f9ab138190fb823737e68b7795c1178d236b36c0a1b399bd5d7c65e960"
"UUI-0245","picture-in-picture","小窓再生","Picture In Picture","media","画像・音声・映像","「小窓再生」を表す汎用UIアイコン。画像・音声・映像に関する操作または状態表示に使用する。","color/media/picture-in-picture.svg","monochrome/media/picture-in-picture.svg","16|20|24|32|48","16","82f283fc569b75a7a7454f8eaab9814ee809067da4db0abcb3a3073a2626d2f7"
"UUI-0246","captions","字幕","Captions","media","画像・音声・映像","「字幕」を表す汎用UIアイコン。画像・音声・映像に関する操作または状態表示に使用する。","color/media/captions.svg","monochrome/media/captions.svg","16|20|24|32|48","16","676edddfed27ef35899ae5919f46cfe455bd3d4260729be7e631677824bcf079"
"UUI-0247","captions-off","字幕非表示","Captions Off","media","画像・音声・映像","「字幕非表示」を表す汎用UIアイコン。画像・音声・映像に関する操作または状態表示に使用する。","color/media/captions-off.svg","monochrome/media/captions-off.svg","16|20|24|32|48","16","90425de96368acc3e43a09e59d3f7c7164d93a8c889f5634b7c146f79f0b35b6"
"UUI-0248","gallery-horizontal","ギャラリー","Gallery Horizontal","media","画像・音声・映像","「ギャラリー」を表す汎用UIアイコン。画像・音声・映像に関する操作または状態表示に使用する。","color/media/gallery-horizontal.svg","monochrome/media/gallery-horizontal.svg","16|20|24|32|48","16","ad2264797d19fe77bc120a740fb4782dd3e1cc38893fd5d83fdd349ca9cf2d8c"
"UUI-0249","video-off","カメラ無効","Video Off","media","画像・音声・映像","「カメラ無効」を表す汎用UIアイコン。画像・音声・映像に関する操作または状態表示に使用する。","color/media/video-off.svg","monochrome/media/video-off.svg","16|20|24|32|48","16","fe9e9dea94f1227c2b46ffe546b53618f6798e48e7b87281cc2b554a303fe974"
"UUI-0250","airplay","外部再生","Airplay","media","画像・音声・映像","「外部再生」を表す汎用UIアイコン。画像・音声・映像に関する操作または状態表示に使用する。","color/media/airplay.svg","monochrome/media/airplay.svg","16|20|24|32|48","16","281d8776053c8ad419d1db839211a9a87dee883ea140febbb30a01ecbec43a5d"
"UUI-0251","chart-bar","棒グラフ","Chart Bar","data","データと分析","「棒グラフ」を表す汎用UIアイコン。データと分析に関する操作または状態表示に使用する。","color/data/chart-bar.svg","monochrome/data/chart-bar.svg","16|20|24|32|48","16","4b1ad5e8f37c38c492fb32caa3c6976c14225a96fb995106394e2ccb75020e17"
"UUI-0252","chart-line","折れ線グラフ","Chart Line","data","データと分析","「折れ線グラフ」を表す汎用UIアイコン。データと分析に関する操作または状態表示に使用する。","color/data/chart-line.svg","monochrome/data/chart-line.svg","16|20|24|32|48","16","be1a5ae00ab8b368712e1f7252a3f60f894652be62a6deb34167c06f781c7908"
"UUI-0253","chart-pie","円グラフ","Chart Pie","data","データと分析","「円グラフ」を表す汎用UIアイコン。データと分析に関する操作または状態表示に使用する。","color/data/chart-pie.svg","monochrome/data/chart-pie.svg","16|20|24|32|48","16","d3e48f3857a87e87e16098f4b74316564ca78422796d6fbe69f6b8b9a8f4d28c"
"UUI-0254","chart-area","面グラフ","Chart Area","data","データと分析","「面グラフ」を表す汎用UIアイコン。データと分析に関する操作または状態表示に使用する。","color/data/chart-area.svg","monochrome/data/chart-area.svg","16|20|24|32|48","16","5f1716b005589702c01807f06c0759b28b4a19d4d73c577fca1eb504e313dc8b"
"UUI-0255","chart-no-axes-column-increasing","増加グラフ","Chart No Axes Column Increasing","data","データと分析","「増加グラフ」を表す汎用UIアイコン。データと分析に関する操作または状態表示に使用する。","color/data/chart-no-axes-column-increasing.svg","monochrome/data/chart-no-axes-column-increasing.svg","16|20|24|32|48","16","effcd119525ce67d2499719cb4ee5678d590f8586274d912d5759ec50ebd8487"
"UUI-0256","trending-up","上昇傾向","Trending Up","data","データと分析","「上昇傾向」を表す汎用UIアイコン。データと分析に関する操作または状態表示に使用する。","color/data/trending-up.svg","monochrome/data/trending-up.svg","16|20|24|32|48","16","e976f9d3df42de006112e3228dd8b93b06ed4c9748d7b23461da231dde7bcdb2"
"UUI-0257","trending-down","下降傾向","Trending Down","data","データと分析","「下降傾向」を表す汎用UIアイコン。データと分析に関する操作または状態表示に使用する。","color/data/trending-down.svg","monochrome/data/trending-down.svg","16|20|24|32|48","16","688d9594f0e488e86b09a6cbd8e728cbd7524b381c5721f01bed6a7eddb505f2"
"UUI-0258","activity","活動量","Activity","data","データと分析","「活動量」を表す汎用UIアイコン。データと分析に関する操作または状態表示に使用する。","color/data/activity.svg","monochrome/data/activity.svg","16|20|24|32|48","16","515d34b71336b67c1d2d40b2b17bb5176d7d612ffe8b139fe9e7cbb4fec80268"
"UUI-0259","gauge","計測値","Gauge","data","データと分析","「計測値」を表す汎用UIアイコン。データと分析に関する操作または状態表示に使用する。","color/data/gauge.svg","monochrome/data/gauge.svg","16|20|24|32|48","16","8f1069d55c1efc5fc8957750ca7d592b3e8024a82b6e39e50e78a0513d21626b"
"UUI-0260","database","データベース","Database","data","データと分析","「データベース」を表す汎用UIアイコン。データと分析に関する操作または状態表示に使用する。","color/data/database.svg","monochrome/data/database.svg","16|20|24|32|48","16","1e4731cd9f93cb07fd30b148c5a91e79d78797dc279e2b84371799fe0457e338"
"UUI-0261","database-backup","データバックアップ","Database Backup","data","データと分析","「データバックアップ」を表す汎用UIアイコン。データと分析に関する操作または状態表示に使用する。","color/data/database-backup.svg","monochrome/data/database-backup.svg","16|20|24|32|48","16","0b969fba3060b2d96673f98f2bb7b215351f36a5a7f76bffcfbad3fe59a40f75"
"UUI-0262","server","サーバー","Server","data","データと分析","「サーバー」を表す汎用UIアイコン。データと分析に関する操作または状態表示に使用する。","color/data/server.svg","monochrome/data/server.svg","16|20|24|32|48","16","96767a30acbbfacc84276a86a2be4b31a592fb760e6f5438c904dddaebc437ab"
"UUI-0263","server-cog","サーバー設定","Server Cog","data","データと分析","「サーバー設定」を表す汎用UIアイコン。データと分析に関する操作または状態表示に使用する。","color/data/server-cog.svg","monochrome/data/server-cog.svg","16|20|24|32|48","16","44c335fd8b9bb057420db95e048e066e1fb0ab4aad01674bb56722858f4dd9ca"
"UUI-0264","hard-drive","ストレージ","Hard Drive","data","データと分析","「ストレージ」を表す汎用UIアイコン。データと分析に関する操作または状態表示に使用する。","color/data/hard-drive.svg","monochrome/data/hard-drive.svg","16|20|24|32|48","16","81c964a6ef1ef448696f14c8104d30d0f43b8d427c973378c86806ef49e1d64a"
"UUI-0265","cloud-cog","クラウド設定","Cloud Cog","data","データと分析","「クラウド設定」を表す汎用UIアイコン。データと分析に関する操作または状態表示に使用する。","color/data/cloud-cog.svg","monochrome/data/cloud-cog.svg","16|20|24|32|48","16","6489e9de29789554a88635abb883c954159f55fa0c640e3745fc8b3c0be7a60d"
"UUI-0266","cloud-upload","クラウドへ送信","Cloud Upload","data","データと分析","「クラウドへ送信」を表す汎用UIアイコン。データと分析に関する操作または状態表示に使用する。","color/data/cloud-upload.svg","monochrome/data/cloud-upload.svg","16|20|24|32|48","16","d2af0e3f5be27fbfe4eea641986bda58fa1dd2545027e256e3091cb79836215a"
"UUI-0267","cloud-download","クラウドから取得","Cloud Download","data","データと分析","「クラウドから取得」を表す汎用UIアイコン。データと分析に関する操作または状態表示に使用する。","color/data/cloud-download.svg","monochrome/data/cloud-download.svg","16|20|24|32|48","16","c6e2cf77584560504511b598788905abf3371e271d6967598e2a28ec2dd9fcf5"
"UUI-0268","network","ネットワーク構造","Network","data","データと分析","「ネットワーク構造」を表す汎用UIアイコン。データと分析に関する操作または状態表示に使用する。","color/data/network.svg","monochrome/data/network.svg","16|20|24|32|48","16","685a6a30a4ac0247711b97a30f15d2daf660638bfe675778dc38aeda22512694"
"UUI-0269","workflow","ワークフロー","Workflow","data","データと分析","「ワークフロー」を表す汎用UIアイコン。データと分析に関する操作または状態表示に使用する。","color/data/workflow.svg","monochrome/data/workflow.svg","16|20|24|32|48","16","b14cdee54aa76092f0779664610aed8d55b066bb3c04a569c70833fd8853b3cb"
"UUI-0270","git-branch","分岐","Git Branch","data","データと分析","「分岐」を表す汎用UIアイコン。データと分析に関する操作または状態表示に使用する。","color/data/git-branch.svg","monochrome/data/git-branch.svg","16|20|24|32|48","16","9f4c6b2781c8c4b4d54a06a6341557d837a02261f7aa0e0f75275bbacbd68478"
"UUI-0271","git-commit-horizontal","変更点","Git Commit Horizontal","data","データと分析","「変更点」を表す汎用UIアイコン。データと分析に関する操作または状態表示に使用する。","color/data/git-commit-horizontal.svg","monochrome/data/git-commit-horizontal.svg","16|20|24|32|48","16","d46f56e2f5b7106306725ce514778d399d2391a78b009475a32116a8c07006e4"
"UUI-0272","git-merge","統合","Git Merge","data","データと分析","「統合」を表す汎用UIアイコン。データと分析に関する操作または状態表示に使用する。","color/data/git-merge.svg","monochrome/data/git-merge.svg","16|20|24|32|48","16","c5e51993188030164ec6c712ee69b52026fb0900fdb6b649ba1cb04da6dba70d"
"UUI-0273","table-2","データ表","Table 2","data","データと分析","「データ表」を表す汎用UIアイコン。データと分析に関する操作または状態表示に使用する。","color/data/table-2.svg","monochrome/data/table-2.svg","16|20|24|32|48","16","1a3ab1243a3665c05bf00c43002a9329d4028181257903313e165d3f1fa36e2e"
"UUI-0274","sheet","シート","Sheet","data","データと分析","「シート」を表す汎用UIアイコン。データと分析に関する操作または状態表示に使用する。","color/data/sheet.svg","monochrome/data/sheet.svg","16|20|24|32|48","16","351d24f59fc9fb80f7927c54b3365107167728637d2f06d3562e6b3ea0687d81"
"UUI-0275","calculator","計算","Calculator","data","データと分析","「計算」を表す汎用UIアイコン。データと分析に関する操作または状態表示に使用する。","color/data/calculator.svg","monochrome/data/calculator.svg","16|20|24|32|48","16","af54469b4b0194d1fac7341d513ad6612d00961c92a47ab3e8513e8c6f500714"
"UUI-0276","code-xml","ソースコード","Code XML","development","開発とシステム","「ソースコード」を表す汎用UIアイコン。開発とシステムに関する操作または状態表示に使用する。","color/development/code-xml.svg","monochrome/development/code-xml.svg","16|20|24|32|48","16","fe539b21b13234d1f8e642a618234c01998617a3f24428f92a4e38bed549cb6a"
"UUI-0277","terminal","ターミナル","Terminal","development","開発とシステム","「ターミナル」を表す汎用UIアイコン。開発とシステムに関する操作または状態表示に使用する。","color/development/terminal.svg","monochrome/development/terminal.svg","16|20|24|32|48","16","6254e08650d8044ae4677d7170487b6e4ad909a658b7583bc5aef21b2d15bcdc"
"UUI-0278","braces","波括弧","Braces","development","開発とシステム","「波括弧」を表す汎用UIアイコン。開発とシステムに関する操作または状態表示に使用する。","color/development/braces.svg","monochrome/development/braces.svg","16|20|24|32|48","16","14f7321706c8cdad603eb08a8a6b4cb29434daffc727933d91ae244b61a124e2"
"UUI-0279","brackets","角括弧","Brackets","development","開発とシステム","「角括弧」を表す汎用UIアイコン。開発とシステムに関する操作または状態表示に使用する。","color/development/brackets.svg","monochrome/development/brackets.svg","16|20|24|32|48","16","d2e49501b39b891f88f5a4ce7d556625cd3f5068815cb8c5ff8bd0be6aff3e88"
"UUI-0280","file-code","コードファイル","File Code","development","開発とシステム","「コードファイル」を表す汎用UIアイコン。開発とシステムに関する操作または状態表示に使用する。","color/development/file-code.svg","monochrome/development/file-code.svg","16|20|24|32|48","16","97b0b240035f1b378dc40d4dba84fc0c0718697e36e4a008b0b0cde47fd5558c"
"UUI-0281","bug","不具合","Bug","development","開発とシステム","「不具合」を表す汎用UIアイコン。開発とシステムに関する操作または状態表示に使用する。","color/development/bug.svg","monochrome/development/bug.svg","16|20|24|32|48","16","e2ee39e52ba1c899cd128076c3b3ed28b557c49ee3d02c2ee47ccd9dd8333780"
"UUI-0282","binary","バイナリ","Binary","development","開発とシステム","「バイナリ」を表す汎用UIアイコン。開発とシステムに関する操作または状態表示に使用する。","color/development/binary.svg","monochrome/development/binary.svg","16|20|24|32|48","16","0e707a8c0576c63c416a7f321d0ae8d91e39a7e08362183f9b05f513649b2b2d"
"UUI-0283","cpu","CPU","CPU","development","開発とシステム","「CPU」を表す汎用UIアイコン。開発とシステムに関する操作または状態表示に使用する。","color/development/cpu.svg","monochrome/development/cpu.svg","16|20|24|32|48","16","7b47709ce9c730e7b849ce572345143e480479ed3534ee5045f1f2bd6066a65c"
"UUI-0284","memory-stick","メモリ","Memory Stick","development","開発とシステム","「メモリ」を表す汎用UIアイコン。開発とシステムに関する操作または状態表示に使用する。","color/development/memory-stick.svg","monochrome/development/memory-stick.svg","16|20|24|32|48","16","0b1bffecc6914140f05e79fa250320753a8a7c107c28029efd0eab39a7ffe1d0"
"UUI-0285","container","コンテナ","Container","development","開発とシステム","「コンテナ」を表す汎用UIアイコン。開発とシステムに関する操作または状態表示に使用する。","color/development/container.svg","monochrome/development/container.svg","16|20|24|32|48","16","437952a8f6b69a98bb11712b5fcc3065e54ce3c544c5d5d779e2e25e9faafb8c"
"UUI-0286","blocks","モジュール","Blocks","development","開発とシステム","「モジュール」を表す汎用UIアイコン。開発とシステムに関する操作または状態表示に使用する。","color/development/blocks.svg","monochrome/development/blocks.svg","16|20|24|32|48","16","2ea33bffb8fcdf9e323beb9d560084a1ae9c85806e1579832ea194663ffe5455"
"UUI-0287","webhook","Webhook","Webhook","development","開発とシステム","「Webhook」を表す汎用UIアイコン。開発とシステムに関する操作または状態表示に使用する。","color/development/webhook.svg","monochrome/development/webhook.svg","16|20|24|32|48","16","52dea38ba08bb4923ac6bbd399f290f3a0c0b0910de6540c18b659546b636834"
"UUI-0288","regex","正規表現","Regex","development","開発とシステム","「正規表現」を表す汎用UIアイコン。開発とシステムに関する操作または状態表示に使用する。","color/development/regex.svg","monochrome/development/regex.svg","16|20|24|32|48","16","daedfb631a7765b28bffe24108f3744b55d64c7dad57f27dba0b9e9d4c84c936"
"UUI-0289","variable","変数","Variable","development","開発とシステム","「変数」を表す汎用UIアイコン。開発とシステムに関する操作または状態表示に使用する。","color/development/variable.svg","monochrome/development/variable.svg","16|20|24|32|48","16","ba049ff6c2479cae486582a5929979ddc8fdb720e9bc216a6f5042026be9a0a7"
"UUI-0290","square-function","関数","Square Function","development","開発とシステム","「関数」を表す汎用UIアイコン。開発とシステムに関する操作または状態表示に使用する。","color/development/square-function.svg","monochrome/development/square-function.svg","16|20|24|32|48","16","5fa7917ab091b63580fb00fd2b59a243fa9083b69106564a8122544fef1845e6"
"UUI-0291","command","コマンド","Command","development","開発とシステム","「コマンド」を表す汎用UIアイコン。開発とシステムに関する操作または状態表示に使用する。","color/development/command.svg","monochrome/development/command.svg","16|20|24|32|48","16","251f83abb50a286857bdf42e790633c825864250592fe8351a28d4be92b02c8e"
"UUI-0292","git-pull-request","変更提案","Git Pull Request","development","開発とシステム","「変更提案」を表す汎用UIアイコン。開発とシステムに関する操作または状態表示に使用する。","color/development/git-pull-request.svg","monochrome/development/git-pull-request.svg","16|20|24|32|48","16","7ab039321b11d5ce849b8d21f0dd2562ccd403e3324fc190fe3249c8ac289bdf"
"UUI-0293","git-compare","差分比較","Git Compare","development","開発とシステム","「差分比較」を表す汎用UIアイコン。開発とシステムに関する操作または状態表示に使用する。","color/development/git-compare.svg","monochrome/development/git-compare.svg","16|20|24|32|48","16","ea142975ccd6a9ae538409bf2510e38c32f73e0e9900121d33a013f01ff335f7"
"UUI-0294","package-search","パッケージ検索","Package Search","development","開発とシステム","「パッケージ検索」を表す汎用UIアイコン。開発とシステムに関する操作または状態表示に使用する。","color/development/package-search.svg","monochrome/development/package-search.svg","16|20|24|32|48","16","5af3a6a158e86269f2f8d50d0d6ddf43bca6827d3a89f1376cdce2ce98be691d"
"UUI-0295","box","パッケージ箱","Box","development","開発とシステム","「パッケージ箱」を表す汎用UIアイコン。開発とシステムに関する操作または状態表示に使用する。","color/development/box.svg","monochrome/development/box.svg","16|20|24|32|48","16","0ec32d70c65105da8f3b3779cecf83fa4814e6f93db8aee78be30e96be69b381"
"UUI-0296","plug-zap","接続実行","Plug Zap","development","開発とシステム","「接続実行」を表す汎用UIアイコン。開発とシステムに関する操作または状態表示に使用する。","color/development/plug-zap.svg","monochrome/development/plug-zap.svg","16|20|24|32|48","16","3cd6623608ea3e7d7610f2475c5139831491f2f51f0a6a0c48283a63e05c644b"
"UUI-0297","unplug","切断","Unplug","development","開発とシステム","「切断」を表す汎用UIアイコン。開発とシステムに関する操作または状態表示に使用する。","color/development/unplug.svg","monochrome/development/unplug.svg","16|20|24|32|48","16","4aee51dca661fbf4a70bd195b0f836ce83b0c1611d8f21591dfaf5a1a885bce1"
"UUI-0298","git-fork","フォーク","Git Fork","development","開発とシステム","「フォーク」を表す汎用UIアイコン。開発とシステムに関する操作または状態表示に使用する。","color/development/git-fork.svg","monochrome/development/git-fork.svg","16|20|24|32|48","16","38c1c09984b77693a99687a9a24fd0929483f2995393763109496262e3a3a4c0"
"UUI-0299","bot","ボット","Bot","development","開発とシステム","「ボット」を表す汎用UIアイコン。開発とシステムに関する操作または状態表示に使用する。","color/development/bot.svg","monochrome/development/bot.svg","16|20|24|32|48","16","682c70a088b622f9f7bf4ba2f3b33e93536f4a7324774ca10784036bcf4c413f"
"UUI-0300","circuit-board","回路基板","Circuit Board","development","開発とシステム","「回路基板」を表す汎用UIアイコン。開発とシステムに関する操作または状態表示に使用する。","color/development/circuit-board.svg","monochrome/development/circuit-board.svg","16|20|24|32|48","16","685cced5ba5f55538931123a387d5cc9cebc62759b50207e054948b6631bf87c"
"UUI-0301","shopping-cart","買い物かご","Shopping Cart","commerce","商取引と金融","「買い物かご」を表す汎用UIアイコン。商取引と金融に関する操作または状態表示に使用する。","color/commerce/shopping-cart.svg","monochrome/commerce/shopping-cart.svg","16|20|24|32|48","16","decbaaa24e326130f5b90fb698771474990c175fa6e23d6aa10795310b996e48"
"UUI-0302","shopping-bag","買い物袋","Shopping Bag","commerce","商取引と金融","「買い物袋」を表す汎用UIアイコン。商取引と金融に関する操作または状態表示に使用する。","color/commerce/shopping-bag.svg","monochrome/commerce/shopping-bag.svg","16|20|24|32|48","16","c20ef9115f2be90ede8c30a53f82466cd56c094f9a9b2bfd2ebe3989c71623dd"
"UUI-0303","store","店舗","Store","commerce","商取引と金融","「店舗」を表す汎用UIアイコン。商取引と金融に関する操作または状態表示に使用する。","color/commerce/store.svg","monochrome/commerce/store.svg","16|20|24|32|48","16","9deae49740605d8ea4c9b56b9d846b2f61a5af16dde31bd27117e172092bc763"
"UUI-0304","package","荷物","Package","commerce","商取引と金融","「荷物」を表す汎用UIアイコン。商取引と金融に関する操作または状態表示に使用する。","color/commerce/package.svg","monochrome/commerce/package.svg","16|20|24|32|48","16","08932a5add6f05b18f3fab6ca7af0e41e79e9c43c63523fcf06352299237580f"
"UUI-0305","package-open","開封した荷物","Package Open","commerce","商取引と金融","「開封した荷物」を表す汎用UIアイコン。商取引と金融に関する操作または状態表示に使用する。","color/commerce/package-open.svg","monochrome/commerce/package-open.svg","16|20|24|32|48","16","b9df284079992acd158a0e545b6f27baaafad99147745600a1f00d0b118ee27b"
"UUI-0306","package-plus","荷物追加","Package Plus","commerce","商取引と金融","「荷物追加」を表す汎用UIアイコン。商取引と金融に関する操作または状態表示に使用する。","color/commerce/package-plus.svg","monochrome/commerce/package-plus.svg","16|20|24|32|48","16","28e71607246a2be84eebf3d77f8c3897081422c143dde9ac929a8cdf2974ade0"
"UUI-0307","package-minus","荷物削除","Package Minus","commerce","商取引と金融","「荷物削除」を表す汎用UIアイコン。商取引と金融に関する操作または状態表示に使用する。","color/commerce/package-minus.svg","monochrome/commerce/package-minus.svg","16|20|24|32|48","16","a205c510382af2bf33c4f11c465a1e607250d781dfc9e0fbc3839f2ecf32738d"
"UUI-0308","truck","配送","Truck","commerce","商取引と金融","「配送」を表す汎用UIアイコン。商取引と金融に関する操作または状態表示に使用する。","color/commerce/truck.svg","monochrome/commerce/truck.svg","16|20|24|32|48","16","381b03ca54bd9a98ed823e2a937ca4c78f62cb5f8340066e59635f29cd340bff"
"UUI-0309","wallet","財布","Wallet","commerce","商取引と金融","「財布」を表す汎用UIアイコン。商取引と金融に関する操作または状態表示に使用する。","color/commerce/wallet.svg","monochrome/commerce/wallet.svg","16|20|24|32|48","16","71f8593e2e2bbcdbebdd1c0b837920872a3a9b73648b544cd9545b0fa3aaf3bf"
"UUI-0310","credit-card","クレジットカード","Credit Card","commerce","商取引と金融","「クレジットカード」を表す汎用UIアイコン。商取引と金融に関する操作または状態表示に使用する。","color/commerce/credit-card.svg","monochrome/commerce/credit-card.svg","16|20|24|32|48","16","5b4af4ee2fb531417924d1604cf63691d6429b0fa6c46fcd72ee25429749975a"
"UUI-0311","banknote","紙幣","Banknote","commerce","商取引と金融","「紙幣」を表す汎用UIアイコン。商取引と金融に関する操作または状態表示に使用する。","color/commerce/banknote.svg","monochrome/commerce/banknote.svg","16|20|24|32|48","16","b5122cafe2166e00ebb7074db09db83e68cd81334cfc6d59ce99db95181762b5"
"UUI-0312","coins","硬貨","Coins","commerce","商取引と金融","「硬貨」を表す汎用UIアイコン。商取引と金融に関する操作または状態表示に使用する。","color/commerce/coins.svg","monochrome/commerce/coins.svg","16|20|24|32|48","16","6284de58285be3951a94b9cccefcce5e36a600f0cb817a1ca1c727f28d4ef7d6"
"UUI-0313","dollar-sign","ドル","Dollar Sign","commerce","商取引と金融","「ドル」を表す汎用UIアイコン。商取引と金融に関する操作または状態表示に使用する。","color/commerce/dollar-sign.svg","monochrome/commerce/dollar-sign.svg","16|20|24|32|48","16","1ad3c9d70350984d3fae204703de81bbd437099005bc308c44057fe2f7af2ed6"
"UUI-0314","japanese-yen","円","Japanese Yen","commerce","商取引と金融","「円」を表す汎用UIアイコン。商取引と金融に関する操作または状態表示に使用する。","color/commerce/japanese-yen.svg","monochrome/commerce/japanese-yen.svg","16|20|24|32|48","16","c0af6e04c3363f010e08b49c49050e7171dac7fad4deb977a0cb3fc24db4220b"
"UUI-0315","euro","ユーロ","Euro","commerce","商取引と金融","「ユーロ」を表す汎用UIアイコン。商取引と金融に関する操作または状態表示に使用する。","color/commerce/euro.svg","monochrome/commerce/euro.svg","16|20|24|32|48","16","1ebb2e2ce0e8342c6c896a049597f1c8e757af25641bd5fd98808cfb2237520b"
"UUI-0316","bitcoin","ビットコイン","Bitcoin","commerce","商取引と金融","「ビットコイン」を表す汎用UIアイコン。商取引と金融に関する操作または状態表示に使用する。","color/commerce/bitcoin.svg","monochrome/commerce/bitcoin.svg","16|20|24|32|48","16","0a88a99c379dcc1976aa9d924b5dcac74eb21273ba90dae2351434a9f12639a7"
"UUI-0317","receipt","レシート","Receipt","commerce","商取引と金融","「レシート」を表す汎用UIアイコン。商取引と金融に関する操作または状態表示に使用する。","color/commerce/receipt.svg","monochrome/commerce/receipt.svg","16|20|24|32|48","16","8cb375736d5ea944cb52acf914578399db0b4884f159813fc9c7fd3d693a579f"
"UUI-0318","barcode","バーコード","Barcode","commerce","商取引と金融","「バーコード」を表す汎用UIアイコン。商取引と金融に関する操作または状態表示に使用する。","color/commerce/barcode.svg","monochrome/commerce/barcode.svg","16|20|24|32|48","16","4e07576b133454cceea18302d4e13ef73a03c96bd8ab137106df3d61c5e1fc55"
"UUI-0319","qr-code","QRコード","QR Code","commerce","商取引と金融","「QRコード」を表す汎用UIアイコン。商取引と金融に関する操作または状態表示に使用する。","color/commerce/qr-code.svg","monochrome/commerce/qr-code.svg","16|20|24|32|48","16","79ecc19a2d00bb7b5dd0596ac30c165b8b5c97c2a3bc5b3c24ffa45623452c9f"
"UUI-0320","tags","複数タグ","Tags","commerce","商取引と金融","「複数タグ」を表す汎用UIアイコン。商取引と金融に関する操作または状態表示に使用する。","color/commerce/tags.svg","monochrome/commerce/tags.svg","16|20|24|32|48","16","6dc95c4bae5208596df994ca674a5a9d4c78e98e8e2653bae6d00fee749670fb"
"UUI-0321","tag","タグ","Tag","commerce","商取引と金融","「タグ」を表す汎用UIアイコン。商取引と金融に関する操作または状態表示に使用する。","color/commerce/tag.svg","monochrome/commerce/tag.svg","16|20|24|32|48","16","bb1f645e760da6e5b4a29bbf8d8c41fdabda584936ca78fbbc2b313a8d50a2b7"
"UUI-0322","badge-percent","割引","Badge Percent","commerce","商取引と金融","「割引」を表す汎用UIアイコン。商取引と金融に関する操作または状態表示に使用する。","color/commerce/badge-percent.svg","monochrome/commerce/badge-percent.svg","16|20|24|32|48","16","dc82294fcb421a0916d013d5d0d34691edd7f198f976c6547a91ded5ff24a24e"
"UUI-0323","circle-dollar-sign","金額","Circle Dollar Sign","commerce","商取引と金融","「金額」を表す汎用UIアイコン。商取引と金融に関する操作または状態表示に使用する。","color/commerce/circle-dollar-sign.svg","monochrome/commerce/circle-dollar-sign.svg","16|20|24|32|48","16","f41e575406685d97411842adf6dd43cff2d45c465a924e9c6ef43d7f0ee22dc2"
"UUI-0324","landmark","金融機関","Landmark","commerce","商取引と金融","「金融機関」を表す汎用UIアイコン。商取引と金融に関する操作または状態表示に使用する。","color/commerce/landmark.svg","monochrome/commerce/landmark.svg","16|20|24|32|48","16","94c9e633062bf8130652ec6f369f10690a327d89e40fcb42aaca2bcd87861ff1"
"UUI-0325","piggy-bank","貯蓄","Piggy Bank","commerce","商取引と金融","「貯蓄」を表す汎用UIアイコン。商取引と金融に関する操作または状態表示に使用する。","color/commerce/piggy-bank.svg","monochrome/commerce/piggy-bank.svg","16|20|24|32|48","16","3c2f66d985592be3dbc8fac583d636e7408fc9d56b1b383d58327bee069a0791"
"UUI-0326","circle-check","成功","Circle Check","status","状態とフィードバック","「成功」を表す汎用UIアイコン。状態とフィードバックに関する操作または状態表示に使用する。","color/status/circle-check.svg","monochrome/status/circle-check.svg","16|20|24|32|48","16","0aba62d9ca377dd360885de87301f2a8866545a524ffe5a6cca422800f6d3ae1"
"UUI-0327","circle-x","失敗","Circle X","status","状態とフィードバック","「失敗」を表す汎用UIアイコン。状態とフィードバックに関する操作または状態表示に使用する。","color/status/circle-x.svg","monochrome/status/circle-x.svg","16|20|24|32|48","16","8e70d5ff720e29f27ed48307f48e1c571b5283be4f0f53ba9ae5f45918b03bfc"
"UUI-0328","circle-minus","対象外","Circle Minus","status","状態とフィードバック","「対象外」を表す汎用UIアイコン。状態とフィードバックに関する操作または状態表示に使用する。","color/status/circle-minus.svg","monochrome/status/circle-minus.svg","16|20|24|32|48","16","392ead0cd143e0cc131f5598ea5d8e6bd05d256541a2186e4ab52725df7fc906"
"UUI-0329","circle-plus","追加可能","Circle Plus","status","状態とフィードバック","「追加可能」を表す汎用UIアイコン。状態とフィードバックに関する操作または状態表示に使用する。","color/status/circle-plus.svg","monochrome/status/circle-plus.svg","16|20|24|32|48","16","c7f55d86151a4dbdb60bdf0a85a8539c11aba9998292e5a40cb18e672e9203f7"
"UUI-0330","badge-alert","警告バッジ","Badge Alert","status","状態とフィードバック","「警告バッジ」を表す汎用UIアイコン。状態とフィードバックに関する操作または状態表示に使用する。","color/status/badge-alert.svg","monochrome/status/badge-alert.svg","16|20|24|32|48","16","e88a5fdd209691f232c7d7d6b0f61e03064fa7c98ea197c7ca6ee787b11a0b05"
"UUI-0331","badge-info","情報バッジ","Badge Info","status","状態とフィードバック","「情報バッジ」を表す汎用UIアイコン。状態とフィードバックに関する操作または状態表示に使用する。","color/status/badge-info.svg","monochrome/status/badge-info.svg","16|20|24|32|48","16","d03102ab94d120107afbc22a56110200666ce5c181eab7b99f001f7aae670eaa"
"UUI-0332","badge-question-mark","ヘルプバッジ","Badge Question Mark","status","状態とフィードバック","「ヘルプバッジ」を表す汎用UIアイコン。状態とフィードバックに関する操作または状態表示に使用する。","color/status/badge-question-mark.svg","monochrome/status/badge-question-mark.svg","16|20|24|32|48","16","a8bc7b7e4dfd41359803e81ec23aa1cfd532f61bf1e49317cce20cb4f819adf2"
"UUI-0333","badge-x","失敗バッジ","Badge X","status","状態とフィードバック","「失敗バッジ」を表す汎用UIアイコン。状態とフィードバックに関する操作または状態表示に使用する。","color/status/badge-x.svg","monochrome/status/badge-x.svg","16|20|24|32|48","16","c8f6aeedc114662183be0b5ee86bd01b0f45db1f8f9a884d2e175ed333fd7a01"
"UUI-0334","loader-circle","処理中","Loader Circle","status","状態とフィードバック","「処理中」を表す汎用UIアイコン。状態とフィードバックに関する操作または状態表示に使用する。","color/status/loader-circle.svg","monochrome/status/loader-circle.svg","16|20|24|32|48","16","8ba9886a28c1f8573f5ace7b0c21a2f2bfade9a3cef065e83dd5eef9df03705a"
"UUI-0335","circle-dashed","未確定","Circle Dashed","status","状態とフィードバック","「未確定」を表す汎用UIアイコン。状態とフィードバックに関する操作または状態表示に使用する。","color/status/circle-dashed.svg","monochrome/status/circle-dashed.svg","16|20|24|32|48","16","fde8699d96de7738ddbd43962af78c4e678f4910a30d14c864663e977568cb60"
"UUI-0336","cloud-off","クラウド未接続","Cloud Off","status","状態とフィードバック","「クラウド未接続」を表す汎用UIアイコン。状態とフィードバックに関する操作または状態表示に使用する。","color/status/cloud-off.svg","monochrome/status/cloud-off.svg","16|20|24|32|48","16","4e04b965bd4363759987b6423448ab2f9590d9f94aee05e6bda1dd58c3478a69"
"UUI-0337","wifi-off","通信なし","Wi-Fi Off","status","状態とフィードバック","「通信なし」を表す汎用UIアイコン。状態とフィードバックに関する操作または状態表示に使用する。","color/status/wifi-off.svg","monochrome/status/wifi-off.svg","16|20|24|32|48","16","ecc235c8e6180db7013e4fc578eb62d97b45d7ad25f9791f668e22fe88a8e4cc"
"UUI-0338","check-check","完了済み","Check Check","status","状態とフィードバック","「完了済み」を表す汎用UIアイコン。状態とフィードバックに関する操作または状態表示に使用する。","color/status/check-check.svg","monochrome/status/check-check.svg","16|20|24|32|48","16","788bf35cab6d586e86a58f9356bb5566ee6e8cab6a507e1ed484b89838ab8b63"
"UUI-0339","thumbs-up","高評価","Thumbs Up","status","状態とフィードバック","「高評価」を表す汎用UIアイコン。状態とフィードバックに関する操作または状態表示に使用する。","color/status/thumbs-up.svg","monochrome/status/thumbs-up.svg","16|20|24|32|48","16","8e359b30c51022f4c9883b2bd9599fb0ed3dbf811394cdfab996595b628ab8cb"
"UUI-0340","thumbs-down","低評価","Thumbs Down","status","状態とフィードバック","「低評価」を表す汎用UIアイコン。状態とフィードバックに関する操作または状態表示に使用する。","color/status/thumbs-down.svg","monochrome/status/thumbs-down.svg","16|20|24|32|48","16","fd122154222fcc43b24330c6b3a9f9e1a94a469623b3e2d2ed06540c5fb84329"
"UUI-0341","smile","満足","Smile","status","状態とフィードバック","「満足」を表す汎用UIアイコン。状態とフィードバックに関する操作または状態表示に使用する。","color/status/smile.svg","monochrome/status/smile.svg","16|20|24|32|48","16","fc6636080a7f18ad2bc0374915f59833cf08b7b0fbe7a698445d0719a3a6f41e"
"UUI-0342","frown","不満","Frown","status","状態とフィードバック","「不満」を表す汎用UIアイコン。状態とフィードバックに関する操作または状態表示に使用する。","color/status/frown.svg","monochrome/status/frown.svg","16|20|24|32|48","16","76e379799200f17886f594f0a9ff3e77bc65d65f52109cfd3b620f333bd0de1a"
"UUI-0343","meh","普通","Meh","status","状態とフィードバック","「普通」を表す汎用UIアイコン。状態とフィードバックに関する操作または状態表示に使用する。","color/status/meh.svg","monochrome/status/meh.svg","16|20|24|32|48","16","cb81ff71411ea00af1d4a5988ec75959c0344bb30134067de46dd03e9b2a5576"
"UUI-0344","party-popper","達成","Party Popper","status","状態とフィードバック","「達成」を表す汎用UIアイコン。状態とフィードバックに関する操作または状態表示に使用する。","color/status/party-popper.svg","monochrome/status/party-popper.svg","16|20|24|32|48","16","09b057a67f173f408771ed095cfced6704020884bdead22b73dc4cb44b515b9d"
"UUI-0345","sparkles","新機能","Sparkles","status","状態とフィードバック","「新機能」を表す汎用UIアイコン。状態とフィードバックに関する操作または状態表示に使用する。","color/status/sparkles.svg","monochrome/status/sparkles.svg","16|20|24|32|48","16","76c4a014f2c8937301165655bc58e830310d774fdf48a65e9c01ff7758462b63"
"UUI-0346","circle-ellipsis","保留","Circle Ellipsis","status","状態とフィードバック","「保留」を表す汎用UIアイコン。状態とフィードバックに関する操作または状態表示に使用する。","color/status/circle-ellipsis.svg","monochrome/status/circle-ellipsis.svg","16|20|24|32|48","16","31a1d4cae6f08140d7ada013557395231c9c5ae4e24bc1fcd8776fac19004f98"
"UUI-0347","ellipsis-vertical","追加操作","Ellipsis Vertical","status","状態とフィードバック","「追加操作」を表す汎用UIアイコン。状態とフィードバックに関する操作または状態表示に使用する。","color/status/ellipsis-vertical.svg","monochrome/status/ellipsis-vertical.svg","16|20|24|32|48","16","b233ecf540cd36a2f86431832cb963231ff423898f2559cb50eea3e21b717a21"
"UUI-0348","circle-pause","一時停止中","Circle Pause","status","状態とフィードバック","「一時停止中」を表す汎用UIアイコン。状態とフィードバックに関する操作または状態表示に使用する。","color/status/circle-pause.svg","monochrome/status/circle-pause.svg","16|20|24|32|48","16","13411c1bb27fb4f432810e1c4355426c8faa66ab087b7ff17d118cf155c4a80c"
"UUI-0349","circle-play","実行可能","Circle Play","status","状態とフィードバック","「実行可能」を表す汎用UIアイコン。状態とフィードバックに関する操作または状態表示に使用する。","color/status/circle-play.svg","monochrome/status/circle-play.svg","16|20|24|32|48","16","2012bb3d7c4d03586926334dd98a8f975cca08bc54f66b934f860b2c9b08f6cf"
"UUI-0350","circle-off","無効","Circle Off","status","状態とフィードバック","「無効」を表す汎用UIアイコン。状態とフィードバックに関する操作または状態表示に使用する。","color/status/circle-off.svg","monochrome/status/circle-off.svg","16|20|24|32|48","16","3045c864dc746637f13f228093d245611b7aefabac090a569ca6f1935994928d"
"UUI-0351","keyboard","キーボード","Keyboard","devices","機器と接続","「キーボード」を表す汎用UIアイコン。機器と接続に関する操作または状態表示に使用する。","color/devices/keyboard.svg","monochrome/devices/keyboard.svg","16|20|24|32|48","16","038098d464d670b9b5c18d190b0334bb431cd2739e6920eaf9dad5e542645056"
"UUI-0352","mouse","マウス","Mouse","devices","機器と接続","「マウス」を表す汎用UIアイコン。機器と接続に関する操作または状態表示に使用する。","color/devices/mouse.svg","monochrome/devices/mouse.svg","16|20|24|32|48","16","544abf435d605814bddd0c9bb443205290c0a8a86c3c05b3d6aad4fc850f6c56"
"UUI-0353","mouse-pointer-2","マウスポインター","Mouse Pointer 2","devices","機器と接続","「マウスポインター」を表す汎用UIアイコン。機器と接続に関する操作または状態表示に使用する。","color/devices/mouse-pointer-2.svg","monochrome/devices/mouse-pointer-2.svg","16|20|24|32|48","16","17be2892785886e0e79a9ffd235cb7f314f0b96b741d2d887760222eab10baa6"
"UUI-0354","printer-check","印刷完了","Printer Check","devices","機器と接続","「印刷完了」を表す汎用UIアイコン。機器と接続に関する操作または状態表示に使用する。","color/devices/printer-check.svg","monochrome/devices/printer-check.svg","16|20|24|32|48","16","25156e7990064167b9f56e9978013213ca259da5d22a5bd5fb442b1af519d7df"
"UUI-0355","router","ルーター","Router","devices","機器と接続","「ルーター」を表す汎用UIアイコン。機器と接続に関する操作または状態表示に使用する。","color/devices/router.svg","monochrome/devices/router.svg","16|20|24|32|48","16","e44cbdc50b946edf1e74aa3be7321f061f73e94e9f793a55c68b7e297eefbe87"
"UUI-0356","wifi","Wi-Fi","Wi-Fi","devices","機器と接続","「Wi-Fi」を表す汎用UIアイコン。機器と接続に関する操作または状態表示に使用する。","color/devices/wifi.svg","monochrome/devices/wifi.svg","16|20|24|32|48","16","7bc04d20b3b62071ef149d521c9caa67955a08391307a29d7338526b4bf06ba8"
"UUI-0357","bluetooth","Bluetooth","Bluetooth","devices","機器と接続","「Bluetooth」を表す汎用UIアイコン。機器と接続に関する操作または状態表示に使用する。","color/devices/bluetooth.svg","monochrome/devices/bluetooth.svg","16|20|24|32|48","16","83777cad81de9bec331a10269ba5bed36f15afb0ec8770fc63b34ad76571c3ad"
"UUI-0358","usb","USB","USB","devices","機器と接続","「USB」を表す汎用UIアイコン。機器と接続に関する操作または状態表示に使用する。","color/devices/usb.svg","monochrome/devices/usb.svg","16|20|24|32|48","16","b4b28d0761fc30c88bb119527b6d2da46c6e8fdcc0e060b5b5bd91a34e326b87"
"UUI-0359","battery","バッテリー","Battery","devices","機器と接続","「バッテリー」を表す汎用UIアイコン。機器と接続に関する操作または状態表示に使用する。","color/devices/battery.svg","monochrome/devices/battery.svg","16|20|24|32|48","16","e9ba9b6ac6dbc16a59fdb0a6b590376ad62832e81f29207da735dc6b465fc048"
"UUI-0360","battery-charging","充電中","Battery Charging","devices","機器と接続","「充電中」を表す汎用UIアイコン。機器と接続に関する操作または状態表示に使用する。","color/devices/battery-charging.svg","monochrome/devices/battery-charging.svg","16|20|24|32|48","16","7fe07e12b4ef34429527f09c10f0087f43b16f8ac646dabf071ba98552d16ae2"
"UUI-0361","battery-full","満充電","Battery Full","devices","機器と接続","「満充電」を表す汎用UIアイコン。機器と接続に関する操作または状態表示に使用する。","color/devices/battery-full.svg","monochrome/devices/battery-full.svg","16|20|24|32|48","16","bbacda97d4fdddb54ed08d928419e183f5629ebc5fbde1801abe8e51ac79b2f8"
"UUI-0362","battery-low","残量低下","Battery Low","devices","機器と接続","「残量低下」を表す汎用UIアイコン。機器と接続に関する操作または状態表示に使用する。","color/devices/battery-low.svg","monochrome/devices/battery-low.svg","16|20|24|32|48","16","d6db43ca00daf932df863fe0dc45c876e8101c24d4ba5ab3d17fde4f1ff21031"
"UUI-0363","plug","電源プラグ","Plug","devices","機器と接続","「電源プラグ」を表す汎用UIアイコン。機器と接続に関する操作または状態表示に使用する。","color/devices/plug.svg","monochrome/devices/plug.svg","16|20|24|32|48","16","a4bd3212613d891a3505c9ec20f2966b15ef931cb9e3702154c87dcf212cf282"
"UUI-0364","cable","ケーブル","Cable","devices","機器と接続","「ケーブル」を表す汎用UIアイコン。機器と接続に関する操作または状態表示に使用する。","color/devices/cable.svg","monochrome/devices/cable.svg","16|20|24|32|48","16","fe603f32b7aabe9f34117fb16043d29b5aae6c64666dd54b4b100541dac1b6ff"
"UUI-0365","webcam","Webカメラ","Webcam","devices","機器と接続","「Webカメラ」を表す汎用UIアイコン。機器と接続に関する操作または状態表示に使用する。","color/devices/webcam.svg","monochrome/devices/webcam.svg","16|20|24|32|48","16","3bd11970c009143c4eef7ae73ea467292a61e5ddec5920f0d4ddafcdf6d5a7a3"
"UUI-0366","projector","プロジェクター","Projector","devices","機器と接続","「プロジェクター」を表す汎用UIアイコン。機器と接続に関する操作または状態表示に使用する。","color/devices/projector.svg","monochrome/devices/projector.svg","16|20|24|32|48","16","49812f7b50275370f03d23d7e4c16c795a69caa822d4eaadcce628b9564d557f"
"UUI-0367","tv","テレビ","Tv","devices","機器と接続","「テレビ」を表す汎用UIアイコン。機器と接続に関する操作または状態表示に使用する。","color/devices/tv.svg","monochrome/devices/tv.svg","16|20|24|32|48","16","e9a21f44966ff43e29cca268bc3d0faec49020c56a5c4068b54286b4c58a3ef0"
"UUI-0368","gamepad-2","ゲームコントローラー","Gamepad 2","devices","機器と接続","「ゲームコントローラー」を表す汎用UIアイコン。機器と接続に関する操作または状態表示に使用する。","color/devices/gamepad-2.svg","monochrome/devices/gamepad-2.svg","16|20|24|32|48","16","797a111ed463292f8a9f9d7e0ec100caf4e457de658b30db9c7fd49bba8b5d59"
"UUI-0369","joystick","ジョイスティック","Joystick","devices","機器と接続","「ジョイスティック」を表す汎用UIアイコン。機器と接続に関する操作または状態表示に使用する。","color/devices/joystick.svg","monochrome/devices/joystick.svg","16|20|24|32|48","16","7b1e12f9b707e038128653bae7da7fd0541aaac231757b9b718c1c30e217ed74"
"UUI-0370","speaker","スピーカー","Speaker","devices","機器と接続","「スピーカー」を表す汎用UIアイコン。機器と接続に関する操作または状態表示に使用する。","color/devices/speaker.svg","monochrome/devices/speaker.svg","16|20|24|32|48","16","3fff502785925da1b438f1400d8a08c080cede31181af48ad22d5a7396706715"
"UUI-0371","headset","ヘッドセット","Headset","devices","機器と接続","「ヘッドセット」を表す汎用UIアイコン。機器と接続に関する操作または状態表示に使用する。","color/devices/headset.svg","monochrome/devices/headset.svg","16|20|24|32|48","16","17c9d1af7e840f5fc7482755e0b75a5549965de5b96ea7525b2f9ea550b3e5d9"
"UUI-0372","satellite-dish","衛星通信","Satellite Dish","devices","機器と接続","「衛星通信」を表す汎用UIアイコン。機器と接続に関する操作または状態表示に使用する。","color/devices/satellite-dish.svg","monochrome/devices/satellite-dish.svg","16|20|24|32|48","16","4c62933357ae3c8da1b1784cdb85a8c493f46cb029f9960e729bc89c9219dea5"
"UUI-0373","radio-tower","無線基地局","Radio Tower","devices","機器と接続","「無線基地局」を表す汎用UIアイコン。機器と接続に関する操作または状態表示に使用する。","color/devices/radio-tower.svg","monochrome/devices/radio-tower.svg","16|20|24|32|48","16","85753971dcf894a77994ce71ece6a7426e7da2e6e529deb5acd0126b71f23496"
"UUI-0374","nfc","NFC","NFC","devices","機器と接続","「NFC」を表す汎用UIアイコン。機器と接続に関する操作または状態表示に使用する。","color/devices/nfc.svg","monochrome/devices/nfc.svg","16|20|24|32|48","16","bbbf0a71778e053c9678582b4a38b3978018361472f68c5dce11e90f534a9735"
"UUI-0375","pc-case","デスクトップPC","PC Case","devices","機器と接続","「デスクトップPC」を表す汎用UIアイコン。機器と接続に関する操作または状態表示に使用する。","color/devices/pc-case.svg","monochrome/devices/pc-case.svg","16|20|24|32|48","16","ae0451ce6d5379cac8023861e84d4aa54699098d74898f4a17a000e048db4beb"
"UUI-0376","settings","設定","Settings","tools","設定と工具","「設定」を表す汎用UIアイコン。設定と工具に関する操作または状態表示に使用する。","color/tools/settings.svg","monochrome/tools/settings.svg","16|20|24|32|48","16","8dcacc98deff94829f32014b7ffcd4a3ca0ef23de0a1c5f3b266554a0e28d9ad"
"UUI-0377","wrench","整備","Wrench","tools","設定と工具","「整備」を表す汎用UIアイコン。設定と工具に関する操作または状態表示に使用する。","color/tools/wrench.svg","monochrome/tools/wrench.svg","16|20|24|32|48","16","7be93dcfec1bff14a822e6435296ca707acea814fd04643f62d1379258d0dc3d"
"UUI-0378","hammer","ハンマー","Hammer","tools","設定と工具","「ハンマー」を表す汎用UIアイコン。設定と工具に関する操作または状態表示に使用する。","color/tools/hammer.svg","monochrome/tools/hammer.svg","16|20|24|32|48","16","d0cc66ccb2f1ee3755e8d9c093a314dad457860b4c52bc210ea94315f8d70410"
"UUI-0379","bolt","ボルト","Bolt","tools","設定と工具","「ボルト」を表す汎用UIアイコン。設定と工具に関する操作または状態表示に使用する。","color/tools/bolt.svg","monochrome/tools/bolt.svg","16|20|24|32|48","16","8b9b6da759d89d8c0ad9f37959da368c55bc7778231044fa2318a9730f5e365f"
"UUI-0380","drill","電動ドリル","Drill","tools","設定と工具","「電動ドリル」を表す汎用UIアイコン。設定と工具に関する操作または状態表示に使用する。","color/tools/drill.svg","monochrome/tools/drill.svg","16|20|24|32|48","16","c1a73ccc3d0b7f33bc785b032bbb984ac73843b98e0ec90a51430f7afbaea4f7"
"UUI-0381","paintbrush","描画","Paintbrush","tools","設定と工具","「描画」を表す汎用UIアイコン。設定と工具に関する操作または状態表示に使用する。","color/tools/paintbrush.svg","monochrome/tools/paintbrush.svg","16|20|24|32|48","16","ef15f32398edbe3c5e5b53d18be2faa05624383f65e62cc9e4a3775eb639dbe4"
"UUI-0382","palette","配色","Palette","tools","設定と工具","「配色」を表す汎用UIアイコン。設定と工具に関する操作または状態表示に使用する。","color/tools/palette.svg","monochrome/tools/palette.svg","16|20|24|32|48","16","2b9c14ae43a183eddf26034e4b5e09b385f6c8c10548ea67564578bfa1516b4f"
"UUI-0383","pipette","色抽出","Pipette","tools","設定と工具","「色抽出」を表す汎用UIアイコン。設定と工具に関する操作または状態表示に使用する。","color/tools/pipette.svg","monochrome/tools/pipette.svg","16|20|24|32|48","16","143cd7e2ca758ffaac0067dec6d3968cd122907134a1eeb4e50ce1fbb06b4177"
"UUI-0384","ruler","定規","Ruler","tools","設定と工具","「定規」を表す汎用UIアイコン。設定と工具に関する操作または状態表示に使用する。","color/tools/ruler.svg","monochrome/tools/ruler.svg","16|20|24|32|48","16","fbb6ea70ff18e0dd2ac77aa234cb2e4460a87478b046cb7d5e2a026305060475"
"UUI-0385","compass","方位磁針","Compass","tools","設定と工具","「方位磁針」を表す汎用UIアイコン。設定と工具に関する操作または状態表示に使用する。","color/tools/compass.svg","monochrome/tools/compass.svg","16|20|24|32|48","16","30663c66a133bb006d71fa89d36dc34be52335d9278b9c4e55f9d5cd2c8c4eae"
"UUI-0386","crosshair","照準","Crosshair","tools","設定と工具","「照準」を表す汎用UIアイコン。設定と工具に関する操作または状態表示に使用する。","color/tools/crosshair.svg","monochrome/tools/crosshair.svg","16|20|24|32|48","16","0af02ad9f5514b112bbbfcadd80296f362fd1e2a2056fc5d492ac05ba21f27c4"
"UUI-0387","target","目標","Target","tools","設定と工具","「目標」を表す汎用UIアイコン。設定と工具に関する操作または状態表示に使用する。","color/tools/target.svg","monochrome/tools/target.svg","16|20|24|32|48","16","ed6390550675b6f03d6a271b4f5b8c02b47f933f65b7c5bb9a801c7f27ab4b9b"
"UUI-0388","sliders-vertical","詳細調整","Sliders Vertical","tools","設定と工具","「詳細調整」を表す汎用UIアイコン。設定と工具に関する操作または状態表示に使用する。","color/tools/sliders-vertical.svg","monochrome/tools/sliders-vertical.svg","16|20|24|32|48","16","40c9745d4639a4fbacb372a1f11e86aecb3cebcd7972f7722cf6dea35f14984b"
"UUI-0389","toggle-left","切替オフ","Toggle Left","tools","設定と工具","「切替オフ」を表す汎用UIアイコン。設定と工具に関する操作または状態表示に使用する。","color/tools/toggle-left.svg","monochrome/tools/toggle-left.svg","16|20|24|32|48","16","4b7c91c53b020a8f87eac4bae82f843f5b40571279a9d95aaa9b869e1a0f9807"
"UUI-0390","toggle-right","切替オン","Toggle Right","tools","設定と工具","「切替オン」を表す汎用UIアイコン。設定と工具に関する操作または状態表示に使用する。","color/tools/toggle-right.svg","monochrome/tools/toggle-right.svg","16|20|24|32|48","16","45aba51b040c12ed1203f4d452c3ef7599d6fe0917f426f0c9f67c01a3b6ea50"
"UUI-0391","power","電源","Power","tools","設定と工具","「電源」を表す汎用UIアイコン。設定と工具に関する操作または状態表示に使用する。","color/tools/power.svg","monochrome/tools/power.svg","16|20|24|32|48","16","133d14f36f4f4dbbc6fba047112c489a7797a3927444523331210e73ef274a86"
"UUI-0392","cog","機能設定","Cog","tools","設定と工具","「機能設定」を表す汎用UIアイコン。設定と工具に関する操作または状態表示に使用する。","color/tools/cog.svg","monochrome/tools/cog.svg","16|20|24|32|48","16","93e2ec23d6c2469fb9286d5f7ee43f6e57795546ed9f38d67daa31a8253d86a1"
"UUI-0393","zap","高速処理","Zap","tools","設定と工具","「高速処理」を表す汎用UIアイコン。設定と工具に関する操作または状態表示に使用する。","color/tools/zap.svg","monochrome/tools/zap.svg","16|20|24|32|48","16","86ca890a8bd0f20565fc2c54a489015be79926e85e7d07f726c6840d25d38b79"
"UUI-0394","magnet","吸着","Magnet","tools","設定と工具","「吸着」を表す汎用UIアイコン。設定と工具に関する操作または状態表示に使用する。","color/tools/magnet.svg","monochrome/tools/magnet.svg","16|20|24|32|48","16","eccfd5c59cbdcf1d7b9c38ed2ea138607ba75305722b5efbc161b741083da755"
"UUI-0395","flashlight","懐中電灯","Flashlight","tools","設定と工具","「懐中電灯」を表す汎用UIアイコン。設定と工具に関する操作または状態表示に使用する。","color/tools/flashlight.svg","monochrome/tools/flashlight.svg","16|20|24|32|48","16","43d4a121d7a766e295a8ae73ec947dc506b0e2344c1cbf1d74c2c7de1708b86e"
"UUI-0396","lightbulb","ヒント","Lightbulb","tools","設定と工具","「ヒント」を表す汎用UIアイコン。設定と工具に関する操作または状態表示に使用する。","color/tools/lightbulb.svg","monochrome/tools/lightbulb.svg","16|20|24|32|48","16","1ab0e01fc957afd6079563dc30916b19b5b7db79c8f93413425fc3c37f3a0591"
"UUI-0397","construction","工事中","Construction","tools","設定と工具","「工事中」を表す汎用UIアイコン。設定と工具に関する操作または状態表示に使用する。","color/tools/construction.svg","monochrome/tools/construction.svg","16|20|24|32|48","16","8e22647318328e08aeee3073ee18fee48dfb306e406fb43ea3941b8073e5d04d"
"UUI-0398","utility-pole","電柱","Utility Pole","tools","設定と工具","「電柱」を表す汎用UIアイコン。設定と工具に関する操作または状態表示に使用する。","color/tools/utility-pole.svg","monochrome/tools/utility-pole.svg","16|20|24|32|48","16","58a0aaa75359da7bbaf8e00a5401767884f788f3c88c5e6a0f78cd51889de4bc"
"UUI-0399","pocket-knife","多用途工具","Pocket Knife","tools","設定と工具","「多用途工具」を表す汎用UIアイコン。設定と工具に関する操作または状態表示に使用する。","color/tools/pocket-knife.svg","monochrome/tools/pocket-knife.svg","16|20|24|32|48","16","3aee91925d3d9d50d5fe516d7e5ea7885c9277deaf5037a4733e37e78de4d6df"
"UUI-0400","shovel","シャベル","Shovel","tools","設定と工具","「シャベル」を表す汎用UIアイコン。設定と工具に関する操作または状態表示に使用する。","color/tools/shovel.svg","monochrome/tools/shovel.svg","16|20|24|32|48","16","ae95e68ddeb4e09be205eec850316ec29ea94d80b20654e78e48da4388717c81"
"UUI-0401","map","地図","Map","travel","地図と移動","「地図」を表す汎用UIアイコン。地図と移動に関する操作または状態表示に使用する。","color/travel/map.svg","monochrome/travel/map.svg","16|20|24|32|48","16","67bf04e36056493e3b60dcfff955b507b00fd57161de189a3ce250bba0b5c5fd"
"UUI-0402","map-pin","場所","Map Pin","travel","地図と移動","「場所」を表す汎用UIアイコン。地図と移動に関する操作または状態表示に使用する。","color/travel/map-pin.svg","monochrome/travel/map-pin.svg","16|20|24|32|48","16","2f1e6776538a10948d2015a8598883ec034a3a8536b091fc2e4e122edf5b756f"
"UUI-0403","map-pinned","指定場所","Map Pinned","travel","地図と移動","「指定場所」を表す汎用UIアイコン。地図と移動に関する操作または状態表示に使用する。","color/travel/map-pinned.svg","monochrome/travel/map-pinned.svg","16|20|24|32|48","16","cc53b26b9f3ec7998f187fa54865b95d1e71ded3468a452e8b8e00fea0ccefe4"
"UUI-0404","navigation-2","現在方向","Navigation 2","travel","地図と移動","「現在方向」を表す汎用UIアイコン。地図と移動に関する操作または状態表示に使用する。","color/travel/navigation-2.svg","monochrome/travel/navigation-2.svg","16|20|24|32|48","16","c10c9109a17259e8593ab584e83a3665826e29953ceb2e4b16a9c3f51fe6ec8b"
"UUI-0405","globe","世界","Globe","travel","地図と移動","「世界」を表す汎用UIアイコン。地図と移動に関する操作または状態表示に使用する。","color/travel/globe.svg","monochrome/travel/globe.svg","16|20|24|32|48","16","33324cd78886e519c4f7cd1fb08e580e0f92c1330ac7648245a59c9723a1a2c0"
"UUI-0406","earth","地球","Earth","travel","地図と移動","「地球」を表す汎用UIアイコン。地図と移動に関する操作または状態表示に使用する。","color/travel/earth.svg","monochrome/travel/earth.svg","16|20|24|32|48","16","a3475258a43789d0a30e87807e18f1312de41ee30b66c589ae92cdac018703ba"
"UUI-0407","route","経路","Route","travel","地図と移動","「経路」を表す汎用UIアイコン。地図と移動に関する操作または状態表示に使用する。","color/travel/route.svg","monochrome/travel/route.svg","16|20|24|32|48","16","392205cab9f54c3c4c1a274a0f3dc8b12b82ddac16563f223ab252d8e8b9c181"
"UUI-0408","signpost","道標","Signpost","travel","地図と移動","「道標」を表す汎用UIアイコン。地図と移動に関する操作または状態表示に使用する。","color/travel/signpost.svg","monochrome/travel/signpost.svg","16|20|24|32|48","16","80071982e29275f9581f4680afff29c671c8839aa1fcd614a2e45b19d968af7a"
"UUI-0409","locate-fixed","現在地","Locate Fixed","travel","地図と移動","「現在地」を表す汎用UIアイコン。地図と移動に関する操作または状態表示に使用する。","color/travel/locate-fixed.svg","monochrome/travel/locate-fixed.svg","16|20|24|32|48","16","0bd4ac08df0fd7d904e15d5ea95a1c44d0bedef1ddd48e54a221b8ad452b1a56"
"UUI-0410","locate","位置検索","Locate","travel","地図と移動","「位置検索」を表す汎用UIアイコン。地図と移動に関する操作または状態表示に使用する。","color/travel/locate.svg","monochrome/travel/locate.svg","16|20|24|32|48","16","f1e48fd9d958a6fb9f3f35c94f3cb11a3d728204efa7785dd47374fee7b6489f"
"UUI-0411","car","自動車","Car","travel","地図と移動","「自動車」を表す汎用UIアイコン。地図と移動に関する操作または状態表示に使用する。","color/travel/car.svg","monochrome/travel/car.svg","16|20|24|32|48","16","40ef3b70be5e0d47dbe80578de447440e22d69e1ff52c4c9f3ddd04103f93e6a"
"UUI-0412","bus","バス","Bus","travel","地図と移動","「バス」を表す汎用UIアイコン。地図と移動に関する操作または状態表示に使用する。","color/travel/bus.svg","monochrome/travel/bus.svg","16|20|24|32|48","16","e666049bbf703b6b9511cef954bdf33e0452dd375837d6027a1ff8c1caa0248c"
"UUI-0413","train-front","鉄道","Train Front","travel","地図と移動","「鉄道」を表す汎用UIアイコン。地図と移動に関する操作または状態表示に使用する。","color/travel/train-front.svg","monochrome/travel/train-front.svg","16|20|24|32|48","16","96cb86cfd3377d308642de27da44262973f11cb04548f53e20044a4f850e8b5f"
"UUI-0414","plane","飛行機","Plane","travel","地図と移動","「飛行機」を表す汎用UIアイコン。地図と移動に関する操作または状態表示に使用する。","color/travel/plane.svg","monochrome/travel/plane.svg","16|20|24|32|48","16","c697cf549b3af79dbc0812eba58dd5efc64e169634f388b733e8349219230ad9"
"UUI-0415","ship","船","Ship","travel","地図と移動","「船」を表す汎用UIアイコン。地図と移動に関する操作または状態表示に使用する。","color/travel/ship.svg","monochrome/travel/ship.svg","16|20|24|32|48","16","83131d25b9bff5feac3ae8a75457c5a8770ed2b526232e895838f9a528837000"
"UUI-0416","bike","自転車","Bike","travel","地図と移動","「自転車」を表す汎用UIアイコン。地図と移動に関する操作または状態表示に使用する。","color/travel/bike.svg","monochrome/travel/bike.svg","16|20|24|32|48","16","5283423e55697d1542e9bc3d9a8ca532b4ea7f5f744bacfd17653a9d12173f88"
"UUI-0417","footprints","徒歩","Footprints","travel","地図と移動","「徒歩」を表す汎用UIアイコン。地図と移動に関する操作または状態表示に使用する。","color/travel/footprints.svg","monochrome/travel/footprints.svg","16|20|24|32|48","16","656159898379c43b0dde62d2282c48f04b6f1b64ac8160b7c87b969960bec9f7"
"UUI-0418","fuel","燃料","Fuel","travel","地図と移動","「燃料」を表す汎用UIアイコン。地図と移動に関する操作または状態表示に使用する。","color/travel/fuel.svg","monochrome/travel/fuel.svg","16|20|24|32|48","16","b5c888936e5a4e048f9ac87de8b008483528247d0ab743d1e0d43b538f3951ad"
"UUI-0419","circle-parking","駐車場","Circle Parking","travel","地図と移動","「駐車場」を表す汎用UIアイコン。地図と移動に関する操作または状態表示に使用する。","color/travel/circle-parking.svg","monochrome/travel/circle-parking.svg","16|20|24|32|48","16","6df8a8b78e988ecb143d3da0b5fa35b8d73b8a16255807f1225f7e19e075c33d"
"UUI-0420","hotel","宿泊","Hotel","travel","地図と移動","「宿泊」を表す汎用UIアイコン。地図と移動に関する操作または状態表示に使用する。","color/travel/hotel.svg","monochrome/travel/hotel.svg","16|20|24|32|48","16","595bb49348e7ff8e25c556f99a1267dbe9ab6a8bd9896cd0b5b616feb84ebe73"
"UUI-0421","luggage","旅行かばん","Luggage","travel","地図と移動","「旅行かばん」を表す汎用UIアイコン。地図と移動に関する操作または状態表示に使用する。","color/travel/luggage.svg","monochrome/travel/luggage.svg","16|20|24|32|48","16","60d7371a5b9133f860888ee67ddc57378f14c535a23774d118fd24b1c8c998ec"
"UUI-0422","tent-tree","キャンプ","Tent Tree","travel","地図と移動","「キャンプ」を表す汎用UIアイコン。地図と移動に関する操作または状態表示に使用する。","color/travel/tent-tree.svg","monochrome/travel/tent-tree.svg","16|20|24|32|48","16","28b4722fac8e2ae43480ac503e2044a733ecfcc1ac4151ab7efb0a338d1a4459"
"UUI-0423","mountain","山","Mountain","travel","地図と移動","「山」を表す汎用UIアイコン。地図と移動に関する操作または状態表示に使用する。","color/travel/mountain.svg","monochrome/travel/mountain.svg","16|20|24|32|48","16","8dae061751a9bc050c46874cf9f69a4f11d9443174c74b446c6cb3a95c475149"
"UUI-0424","flag","目的地","Flag","travel","地図と移動","「目的地」を表す汎用UIアイコン。地図と移動に関する操作または状態表示に使用する。","color/travel/flag.svg","monochrome/travel/flag.svg","16|20|24|32|48","16","ae8ac48ef77ff46aba6676c31ed76f1dd4f741530709514b578db303342c3186"
"UUI-0425","anchor","港","Anchor","travel","地図と移動","「港」を表す汎用UIアイコン。地図と移動に関する操作または状態表示に使用する。","color/travel/anchor.svg","monochrome/travel/anchor.svg","16|20|24|32|48","16","fbd891072ba25704ed3289bf3e0e8f640dc72bc4c705d74a9589cdf3fe51e2df"
"UUI-0426","house","ホーム","House","facilities","建物と生活設備","「ホーム」を表す汎用UIアイコン。建物と生活設備に関する操作または状態表示に使用する。","color/facilities/house.svg","monochrome/facilities/house.svg","16|20|24|32|48","16","e953ba3c3258efa64b5b475f193b1b219a8696009b7f81c4b4acde8f52c105e6"
"UUI-0427","building","建物","Building","facilities","建物と生活設備","「建物」を表す汎用UIアイコン。建物と生活設備に関する操作または状態表示に使用する。","color/facilities/building.svg","monochrome/facilities/building.svg","16|20|24|32|48","16","325a5f2867917f99944cf37b70f8eca1984cce901baf8434a88e33db1c3667c0"
"UUI-0428","building-2","オフィスビル","Building 2","facilities","建物と生活設備","「オフィスビル」を表す汎用UIアイコン。建物と生活設備に関する操作または状態表示に使用する。","color/facilities/building-2.svg","monochrome/facilities/building-2.svg","16|20|24|32|48","16","af1da9a3a93b60028ddc51d50a8ec4301ebf57caed890c68e85d964339f6b747"
"UUI-0429","factory","工場","Factory","facilities","建物と生活設備","「工場」を表す汎用UIアイコン。建物と生活設備に関する操作または状態表示に使用する。","color/facilities/factory.svg","monochrome/facilities/factory.svg","16|20|24|32|48","16","b7879500581bbeeeff0ea8ebfb36a26520f8649c9b6eac631248aafb385bb329"
"UUI-0430","warehouse","倉庫","Warehouse","facilities","建物と生活設備","「倉庫」を表す汎用UIアイコン。建物と生活設備に関する操作または状態表示に使用する。","color/facilities/warehouse.svg","monochrome/facilities/warehouse.svg","16|20|24|32|48","16","327d5e4ebfc40455c5dcf481f177420eaac870949aa8cb0e13afdffac6671e64"
"UUI-0431","hospital","病院","Hospital","facilities","建物と生活設備","「病院」を表す汎用UIアイコン。建物と生活設備に関する操作または状態表示に使用する。","color/facilities/hospital.svg","monochrome/facilities/hospital.svg","16|20|24|32|48","16","c896cef2a53cb6028f3e59d01a2322af1cc4e57960ad5c2922eeae3e8a0c839c"
"UUI-0432","school","学校","School","facilities","建物と生活設備","「学校」を表す汎用UIアイコン。建物と生活設備に関する操作または状態表示に使用する。","color/facilities/school.svg","monochrome/facilities/school.svg","16|20|24|32|48","16","3c82794335e2ddc302b3dc967e19d081ff5e8fc6d828f38b4f915a8af93150a7"
"UUI-0433","university","大学","University","facilities","建物と生活設備","「大学」を表す汎用UIアイコン。建物と生活設備に関する操作または状態表示に使用する。","color/facilities/university.svg","monochrome/facilities/university.svg","16|20|24|32|48","16","49c0d7fa970ab94ea2708d2f0911bc345c74256db251d53a088027f2cdc2c9d5"
"UUI-0434","church","礼拝施設","Church","facilities","建物と生活設備","「礼拝施設」を表す汎用UIアイコン。建物と生活設備に関する操作または状態表示に使用する。","color/facilities/church.svg","monochrome/facilities/church.svg","16|20|24|32|48","16","a5696a55f149edb24270c0d3c6185cadba20266993edbaa08f44b9682daa5dcc"
"UUI-0435","castle","城","Castle","facilities","建物と生活設備","「城」を表す汎用UIアイコン。建物と生活設備に関する操作または状態表示に使用する。","color/facilities/castle.svg","monochrome/facilities/castle.svg","16|20|24|32|48","16","ec10403a4f3b59b790c410e236e0ebc2d012d2613dfdb35a3e52226a0ad25d0f"
"UUI-0436","bed","寝室","Bed","facilities","建物と生活設備","「寝室」を表す汎用UIアイコン。建物と生活設備に関する操作または状態表示に使用する。","color/facilities/bed.svg","monochrome/facilities/bed.svg","16|20|24|32|48","16","24665cd93bf49714ecb2a0dd43332437e568ff33852efb1c65da16a6e0be8c84"
"UUI-0437","sofa","ソファ","Sofa","facilities","建物と生活設備","「ソファ」を表す汎用UIアイコン。建物と生活設備に関する操作または状態表示に使用する。","color/facilities/sofa.svg","monochrome/facilities/sofa.svg","16|20|24|32|48","16","95d1a285e95936c6e631d29fcede843ef0957353d7b3bcbe5ec375d8d0bb9e3f"
"UUI-0438","armchair","椅子","Armchair","facilities","建物と生活設備","「椅子」を表す汎用UIアイコン。建物と生活設備に関する操作または状態表示に使用する。","color/facilities/armchair.svg","monochrome/facilities/armchair.svg","16|20|24|32|48","16","e7b7ecb15bf05e8a7cf0eeb41319c36edc8f88a1a290786600c08b7b975d2a2e"
"UUI-0439","bath","浴室","Bath","facilities","建物と生活設備","「浴室」を表す汎用UIアイコン。建物と生活設備に関する操作または状態表示に使用する。","color/facilities/bath.svg","monochrome/facilities/bath.svg","16|20|24|32|48","16","97a5614bf941ed8088e7021a0e63147d3beadb63c56c55d21a94ff866d1ab9a2"
"UUI-0440","shower-head","シャワー","Shower Head","facilities","建物と生活設備","「シャワー」を表す汎用UIアイコン。建物と生活設備に関する操作または状態表示に使用する。","color/facilities/shower-head.svg","monochrome/facilities/shower-head.svg","16|20|24|32|48","16","4dc4bf4cffb2f300af493a11aac1840a24bacf6b7114aceab41dcb1306350e49"
"UUI-0441","toilet","トイレ","Toilet","facilities","建物と生活設備","「トイレ」を表す汎用UIアイコン。建物と生活設備に関する操作または状態表示に使用する。","color/facilities/toilet.svg","monochrome/facilities/toilet.svg","16|20|24|32|48","16","8e813ce2173abc6f820b054c6ff2bf68c6e300ccaa9c3dcf3ddec05bc38641b1"
"UUI-0442","lamp","照明","Lamp","facilities","建物と生活設備","「照明」を表す汎用UIアイコン。建物と生活設備に関する操作または状態表示に使用する。","color/facilities/lamp.svg","monochrome/facilities/lamp.svg","16|20|24|32|48","16","defd21375152ab8f46803057debcdd2f1bc392b41b5da684595ae35502e8b2e1"
"UUI-0443","cooking-pot","調理","Cooking Pot","facilities","建物と生活設備","「調理」を表す汎用UIアイコン。建物と生活設備に関する操作または状態表示に使用する。","color/facilities/cooking-pot.svg","monochrome/facilities/cooking-pot.svg","16|20|24|32|48","16","2dda71e3fb51296a804405f4dced22191bb662f28cd2b7bf9e13a439066c93a0"
"UUI-0444","utensils","食事","Utensils","facilities","建物と生活設備","「食事」を表す汎用UIアイコン。建物と生活設備に関する操作または状態表示に使用する。","color/facilities/utensils.svg","monochrome/facilities/utensils.svg","16|20|24|32|48","16","5fefab3dbac7bea999fbf36874a956f1005f809fd8c4bf872b0c599d97da00ee"
"UUI-0445","refrigerator","冷蔵庫","Refrigerator","facilities","建物と生活設備","「冷蔵庫」を表す汎用UIアイコン。建物と生活設備に関する操作または状態表示に使用する。","color/facilities/refrigerator.svg","monochrome/facilities/refrigerator.svg","16|20|24|32|48","16","e2a327ccaf2cde8073c4eaad7b2e5a29040c7dd08af42cf5c54f9ce187949449"
"UUI-0446","washing-machine","洗濯機","Washing Machine","facilities","建物と生活設備","「洗濯機」を表す汎用UIアイコン。建物と生活設備に関する操作または状態表示に使用する。","color/facilities/washing-machine.svg","monochrome/facilities/washing-machine.svg","16|20|24|32|48","16","09bbf06f6d045c311ad556876cb6da8e55ee7754508479484e3be203b666956c"
"UUI-0447","microwave","電子レンジ","Microwave","facilities","建物と生活設備","「電子レンジ」を表す汎用UIアイコン。建物と生活設備に関する操作または状態表示に使用する。","color/facilities/microwave.svg","monochrome/facilities/microwave.svg","16|20|24|32|48","16","c642e6fb2e0164a09a8b21998a8c3e88756a0f79e9f2d35810e41106ef7da8c9"
"UUI-0448","heater","暖房","Heater","facilities","建物と生活設備","「暖房」を表す汎用UIアイコン。建物と生活設備に関する操作または状態表示に使用する。","color/facilities/heater.svg","monochrome/facilities/heater.svg","16|20|24|32|48","16","6c838fb2d2a972698cd6536b7ddfa32c8f1ecb944fdfd0a4a25c0fad7c6dda09"
"UUI-0449","air-vent","換気","Air Vent","facilities","建物と生活設備","「換気」を表す汎用UIアイコン。建物と生活設備に関する操作または状態表示に使用する。","color/facilities/air-vent.svg","monochrome/facilities/air-vent.svg","16|20|24|32|48","16","2699f51055b20d4e3b91bf688f1cac9818669c373bfa9a096c661800f889a4c2"
"UUI-0450","fence","境界","Fence","facilities","建物と生活設備","「境界」を表す汎用UIアイコン。建物と生活設備に関する操作または状態表示に使用する。","color/facilities/fence.svg","monochrome/facilities/fence.svg","16|20|24|32|48","16","da473451c93c42f6853228c8404e80dd9436895a4f2e18091c065352a48805b4"
"UUI-0451","heart","お気に入り・心臓","Heart","health","医療と健康","「お気に入り・心臓」を表す汎用UIアイコン。医療と健康に関する操作または状態表示に使用する。","color/health/heart.svg","monochrome/health/heart.svg","16|20|24|32|48","16","e57139f3f414a5f31b91bd77c6ce038d23e1a2ad40987c6b0348fcfa3a122912"
"UUI-0452","heart-pulse","心拍","Heart Pulse","health","医療と健康","「心拍」を表す汎用UIアイコン。医療と健康に関する操作または状態表示に使用する。","color/health/heart-pulse.svg","monochrome/health/heart-pulse.svg","16|20|24|32|48","16","9d7e6a172e32ccffb81f96bdafb3a48203297fcb6b99e519a5f7804debcc140d"
"UUI-0453","stethoscope","診察","Stethoscope","health","医療と健康","「診察」を表す汎用UIアイコン。医療と健康に関する操作または状態表示に使用する。","color/health/stethoscope.svg","monochrome/health/stethoscope.svg","16|20|24|32|48","16","f523e5ccb0fef66c7157dd27f423f1fd362b5159fa643ab3b23b868caf6a6c3d"
"UUI-0454","pill","薬","Pill","health","医療と健康","「薬」を表す汎用UIアイコン。医療と健康に関する操作または状態表示に使用する。","color/health/pill.svg","monochrome/health/pill.svg","16|20|24|32|48","16","cef71826bf8e73183fc6d077c838e48f88f55ebc3f1b5468577f099d27dce6ec"
"UUI-0455","syringe","注射","Syringe","health","医療と健康","「注射」を表す汎用UIアイコン。医療と健康に関する操作または状態表示に使用する。","color/health/syringe.svg","monochrome/health/syringe.svg","16|20|24|32|48","16","4c02a99234aced1410177ae8f8e5beb65c6a0ba8198aa9831706da1ffd08e3e0"
"UUI-0456","cross","医療","Cross","health","医療と健康","「医療」を表す汎用UIアイコン。医療と健康に関する操作または状態表示に使用する。","color/health/cross.svg","monochrome/health/cross.svg","16|20|24|32|48","16","2e898ca2cf4e2428f4f672141ae8d0985563a674be52f45b408bfdf4f772ac19"
"UUI-0457","ambulance","救急車","Ambulance","health","医療と健康","「救急車」を表す汎用UIアイコン。医療と健康に関する操作または状態表示に使用する。","color/health/ambulance.svg","monochrome/health/ambulance.svg","16|20|24|32|48","16","b39c651cbc98ef1c16f90be4bfbff0f7d02cc114898c9ece72bc57eac61d747f"
"UUI-0458","thermometer","体温","Thermometer","health","医療と健康","「体温」を表す汎用UIアイコン。医療と健康に関する操作または状態表示に使用する。","color/health/thermometer.svg","monochrome/health/thermometer.svg","16|20|24|32|48","16","40c0f3e5fab70e8dbde45362a6d3536161d4e4914f16195bec706ebac979bef8"
"UUI-0459","brain","脳","Brain","health","医療と健康","「脳」を表す汎用UIアイコン。医療と健康に関する操作または状態表示に使用する。","color/health/brain.svg","monochrome/health/brain.svg","16|20|24|32|48","16","aa7de522aa2e79fc49670c876f39b23d5013d150573125b929156622ecc80219"
"UUI-0460","bone","骨","Bone","health","医療と健康","「骨」を表す汎用UIアイコン。医療と健康に関する操作または状態表示に使用する。","color/health/bone.svg","monochrome/health/bone.svg","16|20|24|32|48","16","f9c1bdaa42e09abcb067c8f79793b11cf9c4f84a02086662d7949f78425b0548"
"UUI-0461","ear","聴覚","Ear","health","医療と健康","「聴覚」を表す汎用UIアイコン。医療と健康に関する操作または状態表示に使用する。","color/health/ear.svg","monochrome/health/ear.svg","16|20|24|32|48","16","4e1484eef44bce7d2df5dc2a9c8af3df573e0011810d5a9a0525e851abebda7e"
"UUI-0462","dna","DNA","DNA","health","医療と健康","「DNA」を表す汎用UIアイコン。医療と健康に関する操作または状態表示に使用する。","color/health/dna.svg","monochrome/health/dna.svg","16|20|24|32|48","16","9f7d57b8245707dd500f2850c0e0d0ae8aa44be84fe46bd805afcaacfa654e22"
"UUI-0463","microscope","顕微鏡","Microscope","health","医療と健康","「顕微鏡」を表す汎用UIアイコン。医療と健康に関する操作または状態表示に使用する。","color/health/microscope.svg","monochrome/health/microscope.svg","16|20|24|32|48","16","9ed74cb8d00b1a5a773502ec4916d8d1309aee55d69871e63f38ac3a58c6a3fe"
"UUI-0464","test-tube","試験管","Test Tube","health","医療と健康","「試験管」を表す汎用UIアイコン。医療と健康に関する操作または状態表示に使用する。","color/health/test-tube.svg","monochrome/health/test-tube.svg","16|20|24|32|48","16","4736e75a6417e54a0b9dcbfd105ac4ccd474a8227cd5285bec8e88791635af52"
"UUI-0465","flask-conical","実験","Flask Conical","health","医療と健康","「実験」を表す汎用UIアイコン。医療と健康に関する操作または状態表示に使用する。","color/health/flask-conical.svg","monochrome/health/flask-conical.svg","16|20|24|32|48","16","578177661e80b22401a70fe14fab66d409b045e2be779636643b9b218402561a"
"UUI-0466","bandage","応急処置","Bandage","health","医療と健康","「応急処置」を表す汎用UIアイコン。医療と健康に関する操作または状態表示に使用する。","color/health/bandage.svg","monochrome/health/bandage.svg","16|20|24|32|48","16","f88b123fe55e9175afdabe085318135cde4ae4e88924ee45f960c8214980a150"
"UUI-0467","briefcase-medical","救急箱","Briefcase Medical","health","医療と健康","「救急箱」を表す汎用UIアイコン。医療と健康に関する操作または状態表示に使用する。","color/health/briefcase-medical.svg","monochrome/health/briefcase-medical.svg","16|20|24|32|48","16","f5cdeb6447af7abd4fda4fd99c49458bc09d36783d146b4c447db7be89e29007"
"UUI-0468","radiation","放射線","Radiation","health","医療と健康","「放射線」を表す汎用UIアイコン。医療と健康に関する操作または状態表示に使用する。","color/health/radiation.svg","monochrome/health/radiation.svg","16|20|24|32|48","16","c788998a670d03e8d90fc5e6115b9905eeb61f3d462aaeebad50af3c675f9781"
"UUI-0469","biohazard","生物学的危険","Biohazard","health","医療と健康","「生物学的危険」を表す汎用UIアイコン。医療と健康に関する操作または状態表示に使用する。","color/health/biohazard.svg","monochrome/health/biohazard.svg","16|20|24|32|48","16","1793dd9085eff3eb6aaf3e127609746550958b15c6157feebc8d27d77b137ec2"
"UUI-0470","hand-heart","健康支援","Hand Heart","health","医療と健康","「健康支援」を表す汎用UIアイコン。医療と健康に関する操作または状態表示に使用する。","color/health/hand-heart.svg","monochrome/health/hand-heart.svg","16|20|24|32|48","16","7c26f1c85b043216a6f54f7c62e28aa6268b35d7feb27ca37cae84d21a900da7"
"UUI-0471","heart-handshake","医療連携","Heart Handshake","health","医療と健康","「医療連携」を表す汎用UIアイコン。医療と健康に関する操作または状態表示に使用する。","color/health/heart-handshake.svg","monochrome/health/heart-handshake.svg","16|20|24|32|48","16","436e4fd9a9f05d2ab9fd6af30bc86cba51f045b30c7468d75758531848fd5d1c"
"UUI-0472","biceps-flexed","体力","Biceps Flexed","health","医療と健康","「体力」を表す汎用UIアイコン。医療と健康に関する操作または状態表示に使用する。","color/health/biceps-flexed.svg","monochrome/health/biceps-flexed.svg","16|20|24|32|48","16","10580836d20ebfe0f418e6b9250c06a9cd308d807fc15e34be34abed1247a186"
"UUI-0473","person-standing","成人","Person Standing","health","医療と健康","「成人」を表す汎用UIアイコン。医療と健康に関する操作または状態表示に使用する。","color/health/person-standing.svg","monochrome/health/person-standing.svg","16|20|24|32|48","16","8fd6510ddb213cd0b444b5291972d7368e1dde95b295829e6e97e1b738fe61a4"
"UUI-0474","baby","乳幼児","Baby","health","医療と健康","「乳幼児」を表す汎用UIアイコン。医療と健康に関する操作または状態表示に使用する。","color/health/baby.svg","monochrome/health/baby.svg","16|20|24|32|48","16","67693229c67f588b80377e79d25ad0caceca26ed7768a60df0c3427bc46f6855"
"UUI-0475","scan-heart","健康スキャン","Scan Heart","health","医療と健康","「健康スキャン」を表す汎用UIアイコン。医療と健康に関する操作または状態表示に使用する。","color/health/scan-heart.svg","monochrome/health/scan-heart.svg","16|20|24|32|48","16","c41c63653998b38d8d7669a501b6f9ba562df1ac6e215b21c7b27813b742bfa9"
"UUI-0476","sun","晴れ","Sun","weather","自然と天候","「晴れ」を表す汎用UIアイコン。自然と天候に関する操作または状態表示に使用する。","color/weather/sun.svg","monochrome/weather/sun.svg","16|20|24|32|48","16","00ac7e740a646c428ece1bf4633d12f2c4440e270b655e268edbd8720be80049"
"UUI-0477","moon","夜","Moon","weather","自然と天候","「夜」を表す汎用UIアイコン。自然と天候に関する操作または状態表示に使用する。","color/weather/moon.svg","monochrome/weather/moon.svg","16|20|24|32|48","16","ce9f231702a2bbe88af18766efddfac13ff5f13229342399e90c1b5edc34d4dd"
"UUI-0478","cloud-sun","晴れ時々曇り","Cloud Sun","weather","自然と天候","「晴れ時々曇り」を表す汎用UIアイコン。自然と天候に関する操作または状態表示に使用する。","color/weather/cloud-sun.svg","monochrome/weather/cloud-sun.svg","16|20|24|32|48","16","1e0ba8ed490783e03669a6d15ab29f8055bea86f4b62678ba5bedf51533626d3"
"UUI-0479","cloud","曇り","Cloud","weather","自然と天候","「曇り」を表す汎用UIアイコン。自然と天候に関する操作または状態表示に使用する。","color/weather/cloud.svg","monochrome/weather/cloud.svg","16|20|24|32|48","16","be74a31a22f3cff5e13f3c29604839345a850fcbaf51d1119f4e0db4d8350ea5"
"UUI-0480","cloud-rain","雨","Cloud Rain","weather","自然と天候","「雨」を表す汎用UIアイコン。自然と天候に関する操作または状態表示に使用する。","color/weather/cloud-rain.svg","monochrome/weather/cloud-rain.svg","16|20|24|32|48","16","5f3a126052b443944e865686c6bbb37dda496193648b6725638677d19ddffc54"
"UUI-0481","cloud-snow","雪","Cloud Snow","weather","自然と天候","「雪」を表す汎用UIアイコン。自然と天候に関する操作または状態表示に使用する。","color/weather/cloud-snow.svg","monochrome/weather/cloud-snow.svg","16|20|24|32|48","16","f1993963f6760976c7c721a58408e3974150426dfdf41b4f58eb3ed57b4dbf75"
"UUI-0482","cloud-lightning","雷雨","Cloud Lightning","weather","自然と天候","「雷雨」を表す汎用UIアイコン。自然と天候に関する操作または状態表示に使用する。","color/weather/cloud-lightning.svg","monochrome/weather/cloud-lightning.svg","16|20|24|32|48","16","bc88a3e063139590ab3c222231b61e99bfaf42853d6081c4594621b53e363973"
"UUI-0483","wind","風","Wind","weather","自然と天候","「風」を表す汎用UIアイコン。自然と天候に関する操作または状態表示に使用する。","color/weather/wind.svg","monochrome/weather/wind.svg","16|20|24|32|48","16","99def2b4559c19b86c45b7044d4912b761f064336794a0efb2dabca25e3dc048"
"UUI-0484","umbrella","傘","Umbrella","weather","自然と天候","「傘」を表す汎用UIアイコン。自然と天候に関する操作または状態表示に使用する。","color/weather/umbrella.svg","monochrome/weather/umbrella.svg","16|20|24|32|48","16","48e79f6dd4d08b44894109e15ed80da912ceba34ea1a8ed361a25bb1476b92bd"
"UUI-0485","snowflake","雪の結晶","Snowflake","weather","自然と天候","「雪の結晶」を表す汎用UIアイコン。自然と天候に関する操作または状態表示に使用する。","color/weather/snowflake.svg","monochrome/weather/snowflake.svg","16|20|24|32|48","16","96ae4c82c6174f9610ee4f91efa87d763cb8287acf03eed80cad137175e4d885"
"UUI-0486","droplets","水滴","Droplets","weather","自然と天候","「水滴」を表す汎用UIアイコン。自然と天候に関する操作または状態表示に使用する。","color/weather/droplets.svg","monochrome/weather/droplets.svg","16|20|24|32|48","16","9a8353829a457dbfda0d20736fe1464503f5e4b1ded8a46d8243754e87428c95"
"UUI-0487","waves","波","Waves","weather","自然と天候","「波」を表す汎用UIアイコン。自然と天候に関する操作または状態表示に使用する。","color/weather/waves.svg","monochrome/weather/waves.svg","16|20|24|32|48","16","575422fe1d71d1a4cfc75bebf8d696d7d2ba9fe60efc6c1bc9a2701e56e86546"
"UUI-0488","flame","火","Flame","weather","自然と天候","「火」を表す汎用UIアイコン。自然と天候に関する操作または状態表示に使用する。","color/weather/flame.svg","monochrome/weather/flame.svg","16|20|24|32|48","16","fefa0fa77614c70eb1a0febaf876348781af93408b1342c361b2c67a86243ced"
"UUI-0489","leaf","葉","Leaf","weather","自然と天候","「葉」を表す汎用UIアイコン。自然と天候に関する操作または状態表示に使用する。","color/weather/leaf.svg","monochrome/weather/leaf.svg","16|20|24|32|48","16","b876a0b43779fa86402cff2a30340eb528c9c089b91c4b592005c652d19ef32f"
"UUI-0490","sprout","芽","Sprout","weather","自然と天候","「芽」を表す汎用UIアイコン。自然と天候に関する操作または状態表示に使用する。","color/weather/sprout.svg","monochrome/weather/sprout.svg","16|20|24|32|48","16","690d884a54e4bfee057a5bf3552da8adbeebeff7a9edf0c6d840a39374f55f08"
"UUI-0491","tree-pine","木","Tree Pine","weather","自然と天候","「木」を表す汎用UIアイコン。自然と天候に関する操作または状態表示に使用する。","color/weather/tree-pine.svg","monochrome/weather/tree-pine.svg","16|20|24|32|48","16","e09815aa2f323ce46108b5b4d2a715332deaca4fc3a31078390fe407d2c103c7"
"UUI-0492","flower-2","花","Flower 2","weather","自然と天候","「花」を表す汎用UIアイコン。自然と天候に関する操作または状態表示に使用する。","color/weather/flower-2.svg","monochrome/weather/flower-2.svg","16|20|24|32|48","16","a16e7e675729211acae7af079bf0c268c8f27a1bb7e71e291f9220549892f495"
"UUI-0493","rainbow","虹","Rainbow","weather","自然と天候","「虹」を表す汎用UIアイコン。自然と天候に関する操作または状態表示に使用する。","color/weather/rainbow.svg","monochrome/weather/rainbow.svg","16|20|24|32|48","16","e6abf4c78e62dbd97a49ca8495c08961e53892eaaaad026288cfd3aa8b1b8ad1"
"UUI-0494","tornado","竜巻","Tornado","weather","自然と天候","「竜巻」を表す汎用UIアイコン。自然と天候に関する操作または状態表示に使用する。","color/weather/tornado.svg","monochrome/weather/tornado.svg","16|20|24|32|48","16","e07429d9a7cc564e46565d9ee74e198b106ae7bbba9d8a4d86f13eb7936df74f"
"UUI-0495","cloud-fog","霧","Cloud Fog","weather","自然と天候","「霧」を表す汎用UIアイコン。自然と天候に関する操作または状態表示に使用する。","color/weather/cloud-fog.svg","monochrome/weather/cloud-fog.svg","16|20|24|32|48","16","6e2a1cb3817745018e9e86fecf3077c08f925e2a52ceaec1c9150c4ca981a336"
"UUI-0496","thermometer-sun","高温","Thermometer Sun","weather","自然と天候","「高温」を表す汎用UIアイコン。自然と天候に関する操作または状態表示に使用する。","color/weather/thermometer-sun.svg","monochrome/weather/thermometer-sun.svg","16|20|24|32|48","16","3779a35e1005bd804034f1186ffabefced1726dd50045c0f540d8868accf0fff"
"UUI-0497","thermometer-snowflake","低温","Thermometer Snowflake","weather","自然と天候","「低温」を表す汎用UIアイコン。自然と天候に関する操作または状態表示に使用する。","color/weather/thermometer-snowflake.svg","monochrome/weather/thermometer-snowflake.svg","16|20|24|32|48","16","dde6a59b23ccbfecebe31bcd858731781430d30001fd6b35e6384a1b999e0db0"
"UUI-0498","cloud-sun-rain","天気雨","Cloud Sun Rain","weather","自然と天候","「天気雨」を表す汎用UIアイコン。自然と天候に関する操作または状態表示に使用する。","color/weather/cloud-sun-rain.svg","monochrome/weather/cloud-sun-rain.svg","16|20|24|32|48","16","beb7c394227a8e7f392dd166a23f25c7b4d6b18684871ab8874f353539235480"
"UUI-0499","cloud-moon","夜の曇り","Cloud Moon","weather","自然と天候","「夜の曇り」を表す汎用UIアイコン。自然と天候に関する操作または状態表示に使用する。","color/weather/cloud-moon.svg","monochrome/weather/cloud-moon.svg","16|20|24|32|48","16","1024dcb33ba5796f24ead60dcdd00de5f746097e0fdabc66d1f92b558c2558a3"
"UUI-0500","sunrise","日の出","Sunrise","weather","自然と天候","「日の出」を表す汎用UIアイコン。自然と天候に関する操作または状態表示に使用する。","color/weather/sunrise.svg","monochrome/weather/sunrise.svg","16|20|24|32|48","16","3967b281c117e19c5f21c28291e38cfb8a3c6a2bb0d29767a8daca2ab0ed2e34"
"UUI-0501","snake-case","snake_case","snake_case","naming-conventions","命名規則","「snake_case」を表す汎用UIアイコン。命名規則に関する操作または状態表示に使用する。","color/naming-conventions/snake-case.svg","monochrome/naming-conventions/snake-case.svg","16|20|24|32|48","16","7ec5991ba79c5618a08486f2dc3000053218c58177b2a5c10508f2b3b34f7e61"
"UUI-0502","upper-camel-case","UpperCamel","UpperCamel","naming-conventions","命名規則","「UpperCamel」を表す汎用UIアイコン。命名規則に関する操作または状態表示に使用する。","color/naming-conventions/upper-camel-case.svg","monochrome/naming-conventions/upper-camel-case.svg","16|20|24|32|48","16","c09ef4ed3365b545b5cdcf5dc7535577971043c6bc1f1965bccd11bba4cd02b1"
"UUI-0503","lower-camel-case","lowerCamel","lowerCamel","naming-conventions","命名規則","「lowerCamel」を表す汎用UIアイコン。命名規則に関する操作または状態表示に使用する。","color/naming-conventions/lower-camel-case.svg","monochrome/naming-conventions/lower-camel-case.svg","16|20|24|32|48","16","c2cd23bb07d6adccac6de87e1f485979e6af1870932336981eb311c9b71215a4"
"UUI-0504","file-braces","構造化コードファイル","File Braces","code-editing","コード編集","「構造化コードファイル」を表す汎用UIアイコン。コード編集に関する操作または状態表示に使用する。","color/code-editing/file-braces.svg","monochrome/code-editing/file-braces.svg","16|20|24|32|48","16","9282e019af7888515e85e2ef8469805c441d33a7b239c1c1bcc051a5c74490ae"
"UUI-0505","file-braces-corner","コード定義ファイル","File Braces Corner","code-editing","コード編集","「コード定義ファイル」を表す汎用UIアイコン。コード編集に関する操作または状態表示に使用する。","color/code-editing/file-braces-corner.svg","monochrome/code-editing/file-braces-corner.svg","16|20|24|32|48","16","731264e247f73599e90bb08fa595f554bb3ef6241aa8e7b23369073a4d8b453b"
"UUI-0506","file-terminal","スクリプトファイル","File Terminal","code-editing","コード編集","「スクリプトファイル」を表す汎用UIアイコン。コード編集に関する操作または状態表示に使用する。","color/code-editing/file-terminal.svg","monochrome/code-editing/file-terminal.svg","16|20|24|32|48","16","5741b92ed109681138b4c1ff155442712e420c7d46f0984861443d99bdce6103"
"UUI-0507","square-terminal","ターミナルパネル","Square Terminal","code-editing","コード編集","「ターミナルパネル」を表す汎用UIアイコン。コード編集に関する操作または状態表示に使用する。","color/code-editing/square-terminal.svg","monochrome/code-editing/square-terminal.svg","16|20|24|32|48","16","7c0749430df61149a12e021397e79c88f2ebebd9c3771c85594e49e7aac7b50f"
"UUI-0508","square-code","コードブロック","Square Code","code-editing","コード編集","「コードブロック」を表す汎用UIアイコン。コード編集に関する操作または状態表示に使用する。","color/code-editing/square-code.svg","monochrome/code-editing/square-code.svg","16|20|24|32|48","16","68a9e5eb9e22870c513d20a6a86a06c51805a403ead6801893c7d3a22bb9b1f8"
"UUI-0509","square-dashed-bottom-code","コード挿入領域","Square Dashed Bottom Code","code-editing","コード編集","「コード挿入領域」を表す汎用UIアイコン。コード編集に関する操作または状態表示に使用する。","color/code-editing/square-dashed-bottom-code.svg","monochrome/code-editing/square-dashed-bottom-code.svg","16|20|24|32|48","16","8d9ff0228353ae0b3bee6a4007cf402422dbdc7d87c92481f1bcd2607acbb28a"
"UUI-0510","folder-code","コードフォルダー","Folder Code","code-editing","コード編集","「コードフォルダー」を表す汎用UIアイコン。コード編集に関する操作または状態表示に使用する。","color/code-editing/folder-code.svg","monochrome/code-editing/folder-code.svg","16|20|24|32|48","16","e2d51eb1350d8a0711743c44975d6d0fd832a7a1db7091b49a99e80aaf7c2251"
"UUI-0511","parentheses","丸括弧","Parentheses","code-editing","コード編集","「丸括弧」を表す汎用UIアイコン。コード編集に関する操作または状態表示に使用する。","color/code-editing/parentheses.svg","monochrome/code-editing/parentheses.svg","16|20|24|32|48","16","fcfe3d09e43d94150b144c387bde8ca0e5a29f705b251866903d2e65dd2ae4ce"
"UUI-0512","case-sensitive","大文字小文字を区別","Case Sensitive","code-editing","コード編集","「大文字小文字を区別」を表す汎用UIアイコン。コード編集に関する操作または状態表示に使用する。","color/code-editing/case-sensitive.svg","monochrome/code-editing/case-sensitive.svg","16|20|24|32|48","16","1519fe63af9f3a820279380e2ca1f351bf70db3140f720b9c276a7fca2f7221e"
"UUI-0513","text-cursor","文字カーソル","Text Cursor","code-editing","コード編集","「文字カーソル」を表す汎用UIアイコン。コード編集に関する操作または状態表示に使用する。","color/code-editing/text-cursor.svg","monochrome/code-editing/text-cursor.svg","16|20|24|32|48","16","a34ebeab938d81fece0a6938cab069613c7e22d47e3419bf0b16ac81508f528f"
"UUI-0514","text-cursor-input","文字入力","Text Cursor Input","code-editing","コード編集","「文字入力」を表す汎用UIアイコン。コード編集に関する操作または状態表示に使用する。","color/code-editing/text-cursor-input.svg","monochrome/code-editing/text-cursor-input.svg","16|20|24|32|48","16","a86022a556975c6f3e074547bd2e8e0fc90f3ef3e9f6395ca22abd8eba9476c2"
"UUI-0515","text-initial","先頭文字","Text Initial","code-editing","コード編集","「先頭文字」を表す汎用UIアイコン。コード編集に関する操作または状態表示に使用する。","color/code-editing/text-initial.svg","monochrome/code-editing/text-initial.svg","16|20|24|32|48","16","6775f5670dfd077ab6aecf5612495c958ec7eaef5db46a7458f875c377189153"
"UUI-0516","text-search","文章検索","Text Search","code-editing","コード編集","「文章検索」を表す汎用UIアイコン。コード編集に関する操作または状態表示に使用する。","color/code-editing/text-search.svg","monochrome/code-editing/text-search.svg","16|20|24|32|48","16","6700332206f5d27dae68e19b76c7657c3c77fdd5e792fec6ffcae3bcbf672672"
"UUI-0517","text-wrap","行折り返し","Text Wrap","code-editing","コード編集","「行折り返し」を表す汎用UIアイコン。コード編集に関する操作または状態表示に使用する。","color/code-editing/text-wrap.svg","monochrome/code-editing/text-wrap.svg","16|20|24|32|48","16","971f9b06374e2db453d21c96dd5119011e4634e35c21a8bc7864a49fdf69f206"
"UUI-0518","replace","置換","Replace","code-editing","コード編集","「置換」を表す汎用UIアイコン。コード編集に関する操作または状態表示に使用する。","color/code-editing/replace.svg","monochrome/code-editing/replace.svg","16|20|24|32|48","16","e782c712b35125ccac272db697995cdba25cdd45da59ec1e4bc038322536a09e"
"UUI-0519","replace-all","すべて置換","Replace All","code-editing","コード編集","「すべて置換」を表す汎用UIアイコン。コード編集に関する操作または状態表示に使用する。","color/code-editing/replace-all.svg","monochrome/code-editing/replace-all.svg","16|20|24|32|48","16","95e503507a472c3472887e3723fcede90f34317d3b1ed0240d5088f19166654e"
"UUI-0520","scan-search","範囲検索","Scan Search","code-editing","コード編集","「範囲検索」を表す汎用UIアイコン。コード編集に関する操作または状態表示に使用する。","color/code-editing/scan-search.svg","monochrome/code-editing/scan-search.svg","16|20|24|32|48","16","42de58f8f374cedaca3e59b99cf6c0a0dd79317e6f9d33f46badd193f89796f7"
"UUI-0521","search-code","コード検索","Search Code","code-editing","コード編集","「コード検索」を表す汎用UIアイコン。コード編集に関する操作または状態表示に使用する。","color/code-editing/search-code.svg","monochrome/code-editing/search-code.svg","16|20|24|32|48","16","d45ac111a50a66bdce66273b117fff851a107a7645850c71fe011e9263b558f0"
"UUI-0522","spell-check-2","構文確認","Spell Check 2","code-editing","コード編集","「構文確認」を表す汎用UIアイコン。コード編集に関する操作または状態表示に使用する。","color/code-editing/spell-check-2.svg","monochrome/code-editing/spell-check-2.svg","16|20|24|32|48","16","0fbb2fffca780daf68b7ce3516948602b816dad1132b811395e850bbc37f9a54"
"UUI-0523","list-tree","構造ツリー","List Tree","code-editing","コード編集","「構造ツリー」を表す汎用UIアイコン。コード編集に関する操作または状態表示に使用する。","color/code-editing/list-tree.svg","monochrome/code-editing/list-tree.svg","16|20|24|32|48","16","1c747591fc05bfdee6d8e28a4294433e595a0fdcdda60b745b9d0a0491aa62b4"
"UUI-0524","list-start","一覧先頭","List Start","code-editing","コード編集","「一覧先頭」を表す汎用UIアイコン。コード編集に関する操作または状態表示に使用する。","color/code-editing/list-start.svg","monochrome/code-editing/list-start.svg","16|20|24|32|48","16","3690e86bb64a17216307d2b871464164a294c92e098869ea06b528a32a0483e7"
"UUI-0525","list-end","一覧末尾","List End","code-editing","コード編集","「一覧末尾」を表す汎用UIアイコン。コード編集に関する操作または状態表示に使用する。","color/code-editing/list-end.svg","monochrome/code-editing/list-end.svg","16|20|24|32|48","16","3a887efd9cf4265c860fe8aa484d9db8a647ba3089c2106966bb2b4a5dcefce4"
"UUI-0526","list-restart","一覧再開","List Restart","code-editing","コード編集","「一覧再開」を表す汎用UIアイコン。コード編集に関する操作または状態表示に使用する。","color/code-editing/list-restart.svg","monochrome/code-editing/list-restart.svg","16|20|24|32|48","16","4262718cedfa09c6f75d5814ed4eceb052d6210878fcf2ae5d147c3bbd4f8411"
"UUI-0527","list-x","一覧項目削除","List X","code-editing","コード編集","「一覧項目削除」を表す汎用UIアイコン。コード編集に関する操作または状態表示に使用する。","color/code-editing/list-x.svg","monochrome/code-editing/list-x.svg","16|20|24|32|48","16","796dbdf55d826a4af39fa02f325f43ec94e2c41f738a85b97441fda92882d2db"
"UUI-0528","file-type","型定義ファイル","File Type","code-editing","コード編集","「型定義ファイル」を表す汎用UIアイコン。コード編集に関する操作または状態表示に使用する。","color/code-editing/file-type.svg","monochrome/code-editing/file-type.svg","16|20|24|32|48","16","503aca3b00d99d5a976d2c4d37adc4740744ca854b6177228459c09c9dc56f69"
"UUI-0529","git-branch-plus","ブランチ追加","Git Branch Plus","source-control","ソース管理","「ブランチ追加」を表す汎用UIアイコン。ソース管理に関する操作または状態表示に使用する。","color/source-control/git-branch-plus.svg","monochrome/source-control/git-branch-plus.svg","16|20|24|32|48","16","f44e20ef485d524a555eb42334600cc45d1e9f2d8f149547157c53eac9619b83"
"UUI-0530","git-branch-minus","ブランチ削除","Git Branch Minus","source-control","ソース管理","「ブランチ削除」を表す汎用UIアイコン。ソース管理に関する操作または状態表示に使用する。","color/source-control/git-branch-minus.svg","monochrome/source-control/git-branch-minus.svg","16|20|24|32|48","16","b254e5a0f1ff3e034d7c3afca28198ddfc936de564d378ccc9f5602ce78bfd17"
"UUI-0531","git-commit-vertical","縦表示コミット","Git Commit Vertical","source-control","ソース管理","「縦表示コミット」を表す汎用UIアイコン。ソース管理に関する操作または状態表示に使用する。","color/source-control/git-commit-vertical.svg","monochrome/source-control/git-commit-vertical.svg","16|20|24|32|48","16","ae8f8c0e3ff488364ff66034145aace93baf2ab69c7f165dcc487748696ef210"
"UUI-0532","git-compare-arrows","リビジョン比較","Git Compare Arrows","source-control","ソース管理","「リビジョン比較」を表す汎用UIアイコン。ソース管理に関する操作または状態表示に使用する。","color/source-control/git-compare-arrows.svg","monochrome/source-control/git-compare-arrows.svg","16|20|24|32|48","16","4dd721bcd5b838c83e76ac7a7eda4307e8bff3e2f6fc5a5356857e6e10a1909d"
"UUI-0533","git-graph","Gitグラフ","Git Graph","source-control","ソース管理","「Gitグラフ」を表す汎用UIアイコン。ソース管理に関する操作または状態表示に使用する。","color/source-control/git-graph.svg","monochrome/source-control/git-graph.svg","16|20|24|32|48","16","f57f6e6f3fa275690b32c24b1099dd0a0ba156c709e3ce4835ae1981017994ee"
"UUI-0534","git-merge-conflict","マージ競合","Git Merge Conflict","source-control","ソース管理","「マージ競合」を表す汎用UIアイコン。ソース管理に関する操作または状態表示に使用する。","color/source-control/git-merge-conflict.svg","monochrome/source-control/git-merge-conflict.svg","16|20|24|32|48","16","4166e46356c43d216b5082dc37b0ce33de3785f6a94bd65db142c56fdc359e26"
"UUI-0535","git-pull-request-arrow","プルリクエスト更新","Git Pull Request Arrow","source-control","ソース管理","「プルリクエスト更新」を表す汎用UIアイコン。ソース管理に関する操作または状態表示に使用する。","color/source-control/git-pull-request-arrow.svg","monochrome/source-control/git-pull-request-arrow.svg","16|20|24|32|48","16","8d3862c8293ef0ef0af34b8145828e6129e41d557f8c5732824db015af421728"
"UUI-0536","git-pull-request-closed","終了したプルリクエスト","Git Pull Request Closed","source-control","ソース管理","「終了したプルリクエスト」を表す汎用UIアイコン。ソース管理に関する操作または状態表示に使用する。","color/source-control/git-pull-request-closed.svg","monochrome/source-control/git-pull-request-closed.svg","16|20|24|32|48","16","ce8fc332504859e5fd8814ff270d0c6311aeea6a616953b04e3531a69c4f817e"
"UUI-0537","git-pull-request-create-arrow","派生プルリクエスト","Git Pull Request Create Arrow","source-control","ソース管理","「派生プルリクエスト」を表す汎用UIアイコン。ソース管理に関する操作または状態表示に使用する。","color/source-control/git-pull-request-create-arrow.svg","monochrome/source-control/git-pull-request-create-arrow.svg","16|20|24|32|48","16","add982333adce8a97e676a7d81e1e7de553b9def5551990b252201e1d6a2eaea"
"UUI-0538","git-pull-request-create","プルリクエスト作成","Git Pull Request Create","source-control","ソース管理","「プルリクエスト作成」を表す汎用UIアイコン。ソース管理に関する操作または状態表示に使用する。","color/source-control/git-pull-request-create.svg","monochrome/source-control/git-pull-request-create.svg","16|20|24|32|48","16","5c07b2ed689e2f6d6123deb6b8bbdc64b9a41a78ddd03d303cb2c72a87a633ac"
"UUI-0539","git-pull-request-draft","下書きプルリクエスト","Git Pull Request Draft","source-control","ソース管理","「下書きプルリクエスト」を表す汎用UIアイコン。ソース管理に関する操作または状態表示に使用する。","color/source-control/git-pull-request-draft.svg","monochrome/source-control/git-pull-request-draft.svg","16|20|24|32|48","16","fc7cd7a0cbe96239d8bb0088c8e01b9ea0e23bbf96a95183730070b94b254a20"
"UUI-0540","folder-git","Gitフォルダー","Folder Git","source-control","ソース管理","「Gitフォルダー」を表す汎用UIアイコン。ソース管理に関する操作または状態表示に使用する。","color/source-control/folder-git.svg","monochrome/source-control/folder-git.svg","16|20|24|32|48","16","60b168ee355afac1e594bb42737c989111149b8081b40016967f0ebc08fea24b"
"UUI-0541","folder-git-2","Git作業ツリー","Folder Git 2","source-control","ソース管理","「Git作業ツリー」を表す汎用UIアイコン。ソース管理に関する操作または状態表示に使用する。","color/source-control/folder-git-2.svg","monochrome/source-control/folder-git-2.svg","16|20|24|32|48","16","ee62940eb83c68d0064ee54bab9bbf4f93cecd803324caa7dcb55765541d0878"
"UUI-0542","file-diff","差分ファイル","File Diff","source-control","ソース管理","「差分ファイル」を表す汎用UIアイコン。ソース管理に関する操作または状態表示に使用する。","color/source-control/file-diff.svg","monochrome/source-control/file-diff.svg","16|20|24|32|48","16","1c04ef2ba6a69ba2d3f1e54a883fa16bf5458ac1057fce84afa8fce11ff1e0f2"
"UUI-0543","diff","差分","Diff","source-control","ソース管理","「差分」を表す汎用UIアイコン。ソース管理に関する操作または状態表示に使用する。","color/source-control/diff.svg","monochrome/source-control/diff.svg","16|20|24|32|48","16","83f6b4e1eeea56f8b4bc6d5b293df0fe579f0dd07209bc62e174993a81bfb648"
"UUI-0544","merge","変更統合","Merge","source-control","ソース管理","「変更統合」を表す汎用UIアイコン。ソース管理に関する操作または状態表示に使用する。","color/source-control/merge.svg","monochrome/source-control/merge.svg","16|20|24|32|48","16","f5ffe3135325f0ae32b91078aae598f83c02fc640084b8bfbf554c60bf674338"
"UUI-0545","message-square-diff","差分コメント","Message Square Diff","source-control","ソース管理","「差分コメント」を表す汎用UIアイコン。ソース管理に関する操作または状態表示に使用する。","color/source-control/message-square-diff.svg","monochrome/source-control/message-square-diff.svg","16|20|24|32|48","16","a6aafde7ff86a850aae6d69f28aa1101d550ed733127989ac2557af1110fc4e7"
"UUI-0546","archive-x","履歴破棄","Archive X","source-control","ソース管理","「履歴破棄」を表す汎用UIアイコン。ソース管理に関する操作または状態表示に使用する。","color/source-control/archive-x.svg","monochrome/source-control/archive-x.svg","16|20|24|32|48","16","760ef736269f98cfd0e8dd7047df624e3fda5bf845aba031f5e46b22edd4bb3f"
"UUI-0547","milestone","マイルストーン","Milestone","source-control","ソース管理","「マイルストーン」を表す汎用UIアイコン。ソース管理に関する操作または状態表示に使用する。","color/source-control/milestone.svg","monochrome/source-control/milestone.svg","16|20|24|32|48","16","a3f9f1da8c87525468cf751ab78759c6b12427336bdb43c179b66cb8a9b7d3ae"
"UUI-0548","folder-sync","作業ツリー同期","Folder Sync","source-control","ソース管理","「作業ツリー同期」を表す汎用UIアイコン。ソース管理に関する操作または状態表示に使用する。","color/source-control/folder-sync.svg","monochrome/source-control/folder-sync.svg","16|20|24|32|48","16","28b992261cf30cca2ce61da4a4d573eb6eb5768e2f2694d59b61231e5e66cb5e"
"UUI-0549","file-symlink","ファイルリンク","File Symlink","source-control","ソース管理","「ファイルリンク」を表す汎用UIアイコン。ソース管理に関する操作または状態表示に使用する。","color/source-control/file-symlink.svg","monochrome/source-control/file-symlink.svg","16|20|24|32|48","16","d43a4afb2eeac836bc0bc5da6a2017385d0aee36d205ea99956c3ef20c94dec7"
"UUI-0550","folder-symlink","フォルダーリンク","Folder Symlink","source-control","ソース管理","「フォルダーリンク」を表す汎用UIアイコン。ソース管理に関する操作または状態表示に使用する。","color/source-control/folder-symlink.svg","monochrome/source-control/folder-symlink.svg","16|20|24|32|48","16","007d007967d407b0572a42c5447aa03892f07c48d13535f64102c6b72bdc65fc"
"UUI-0551","combine","変更結合","Combine","source-control","ソース管理","「変更結合」を表す汎用UIアイコン。ソース管理に関する操作または状態表示に使用する。","color/source-control/combine.svg","monochrome/source-control/combine.svg","16|20|24|32|48","16","833e40e26a133d3028c9b78b291975904c42e07d837d00de5dfb25effa7c1c7b"
"UUI-0552","waypoints","履歴経路","Waypoints","source-control","ソース管理","「履歴経路」を表す汎用UIアイコン。ソース管理に関する操作または状態表示に使用する。","color/source-control/waypoints.svg","monochrome/source-control/waypoints.svg","16|20|24|32|48","16","3c41b7eeb688e166afc272de9fa4333224323f9fb7ee258b2fee93a7c0e05b46"
"UUI-0553","circle-dot","コミット点","Circle Dot","source-control","ソース管理","「コミット点」を表す汎用UIアイコン。ソース管理に関する操作または状態表示に使用する。","color/source-control/circle-dot.svg","monochrome/source-control/circle-dot.svg","16|20|24|32|48","16","f868230f9e756ace8fcb50992f1b1624cc3291208448ba319e1e6193a8c9b54d"
"UUI-0554","webhook-off","Webhook無効","Webhook Off","api-integration","APIと連携","「Webhook無効」を表す汎用UIアイコン。APIと連携に関する操作または状態表示に使用する。","color/api-integration/webhook-off.svg","monochrome/api-integration/webhook-off.svg","16|20|24|32|48","16","c586d2ab1d7e60af825ad90b7c2177ce8b910ad75a45391db9fe05efb1334a2a"
"UUI-0555","message-circle-code","コードメッセージ","Message Circle Code","api-integration","APIと連携","「コードメッセージ」を表す汎用UIアイコン。APIと連携に関する操作または状態表示に使用する。","color/api-integration/message-circle-code.svg","monochrome/api-integration/message-circle-code.svg","16|20|24|32|48","16","1fe37a3f4b0c4bb08b80603f5dd30a932137cb8dd14b9ee780145faec2280dcb"
"UUI-0556","message-square-code","APIメッセージ","Message Square Code","api-integration","APIと連携","「APIメッセージ」を表す汎用UIアイコン。APIと連携に関する操作または状態表示に使用する。","color/api-integration/message-square-code.svg","monochrome/api-integration/message-square-code.svg","16|20|24|32|48","16","5d44fc3cb47ab5dada7613d5cabe3f1b480af1546ae1028410885a56697bec38"
"UUI-0557","message-square-share","メッセージ共有","Message Square Share","api-integration","APIと連携","「メッセージ共有」を表す汎用UIアイコン。APIと連携に関する操作または状態表示に使用する。","color/api-integration/message-square-share.svg","monochrome/api-integration/message-square-share.svg","16|20|24|32|48","16","ea81a249d9fd13c4a9ade1dd0cac57e5c0e117b8a215f30796c446d10545eab5"
"UUI-0558","external-link","外部リンク","External Link","api-integration","APIと連携","「外部リンク」を表す汎用UIアイコン。APIと連携に関する操作または状態表示に使用する。","color/api-integration/external-link.svg","monochrome/api-integration/external-link.svg","16|20|24|32|48","16","e4038525ddf838b97632ec6fd720482089885e42839ccc38a34904bb00cf059c"
"UUI-0559","link","接続リンク","Link","api-integration","APIと連携","「接続リンク」を表す汎用UIアイコン。APIと連携に関する操作または状態表示に使用する。","color/api-integration/link.svg","monochrome/api-integration/link.svg","16|20|24|32|48","16","164ba43064ca308e82af7cbd76a33f5fbc71370e1a809a9e0cf604e5922af3ab"
"UUI-0560","link-2-off","接続リンク無効","Link 2 Off","api-integration","APIと連携","「接続リンク無効」を表す汎用UIアイコン。APIと連携に関する操作または状態表示に使用する。","color/api-integration/link-2-off.svg","monochrome/api-integration/link-2-off.svg","16|20|24|32|48","16","11ad291c7f1ff0b4a7b859e234fc5d95de48af179bc926e22d828a2e7027a598"
"UUI-0561","unlink-2","接続解除","Unlink 2","api-integration","APIと連携","「接続解除」を表す汎用UIアイコン。APIと連携に関する操作または状態表示に使用する。","color/api-integration/unlink-2.svg","monochrome/api-integration/unlink-2.svg","16|20|24|32|48","16","808d584f8e968cf747256bd3229fd59b337d014be437e736b4674d6ffb519566"
"UUI-0562","plug-2","プラグ接続","Plug 2","api-integration","APIと連携","「プラグ接続」を表す汎用UIアイコン。APIと連携に関する操作または状態表示に使用する。","color/api-integration/plug-2.svg","monochrome/api-integration/plug-2.svg","16|20|24|32|48","16","a44743b545c7cfd8e0944ede383167c0e787ced9292bd6e258c740f5382afc81"
"UUI-0563","ethernet-port","Ethernetポート","Ethernet Port","api-integration","APIと連携","「Ethernetポート」を表す汎用UIアイコン。APIと連携に関する操作または状態表示に使用する。","color/api-integration/ethernet-port.svg","monochrome/api-integration/ethernet-port.svg","16|20|24|32|48","16","08713638c763a4716a8c36187a5f17e410422c4d0ac2a93be84b29673b7288bc"
"UUI-0564","antenna","アンテナ","Antenna","api-integration","APIと連携","「アンテナ」を表す汎用UIアイコン。APIと連携に関する操作または状態表示に使用する。","color/api-integration/antenna.svg","monochrome/api-integration/antenna.svg","16|20|24|32|48","16","f387204b1d5b309e2a458e90005565631de45b8c74aa5740d8b09a2cfc58f52d"
"UUI-0565","radio-receiver","受信機","Radio Receiver","api-integration","APIと連携","「受信機」を表す汎用UIアイコン。APIと連携に関する操作または状態表示に使用する。","color/api-integration/radio-receiver.svg","monochrome/api-integration/radio-receiver.svg","16|20|24|32|48","16","ed516d8e8747bac997c8f69a767afd1c3f120f41eb2d599e532b2887291962fc"
"UUI-0566","rss","RSSフィード","Rss","api-integration","APIと連携","「RSSフィード」を表す汎用UIアイコン。APIと連携に関する操作または状態表示に使用する。","color/api-integration/rss.svg","monochrome/api-integration/rss.svg","16|20|24|32|48","16","3a9eb348d0ee01a2bfd0c3fe2eb567ceaa3143fce0d9f45b7f0eeed25b52eb7e"
"UUI-0567","satellite","衛星","Satellite","api-integration","APIと連携","「衛星」を表す汎用UIアイコン。APIと連携に関する操作または状態表示に使用する。","color/api-integration/satellite.svg","monochrome/api-integration/satellite.svg","16|20|24|32|48","16","4e4a08e62e612e1dfc32d61da8b36819f9a4c5f55f453cd93b7d7113189fceba"
"UUI-0568","send-horizontal","データ送信","Send Horizontal","api-integration","APIと連携","「データ送信」を表す汎用UIアイコン。APIと連携に関する操作または状態表示に使用する。","color/api-integration/send-horizontal.svg","monochrome/api-integration/send-horizontal.svg","16|20|24|32|48","16","fc3b690c1ddb8be80baacaaa8ae2fba985e8d73023aab26c6c0ba06b273ef858"
"UUI-0569","share","外部共有","Share","api-integration","APIと連携","「外部共有」を表す汎用UIアイコン。APIと連携に関する操作または状態表示に使用する。","color/api-integration/share.svg","monochrome/api-integration/share.svg","16|20|24|32|48","16","686803d6b68253034483ee3223e483664b9828f7b82e831f00d3160afde7d583"
"UUI-0570","screen-share","画面共有","Screen Share","api-integration","APIと連携","「画面共有」を表す汎用UIアイコン。APIと連携に関する操作または状態表示に使用する。","color/api-integration/screen-share.svg","monochrome/api-integration/screen-share.svg","16|20|24|32|48","16","4727f6c606be1e08a4405302497567f27b5b68ca61c96b3c98958d707297794e"
"UUI-0571","screen-share-off","画面共有停止","Screen Share Off","api-integration","APIと連携","「画面共有停止」を表す汎用UIアイコン。APIと連携に関する操作または状態表示に使用する。","color/api-integration/screen-share-off.svg","monochrome/api-integration/screen-share-off.svg","16|20|24|32|48","16","0a95d9be697dad1ef627a6fa9ef0231963e78c65b7b891837d7fbd09d4546442"
"UUI-0572","shuffle","経路入替","Shuffle","api-integration","APIと連携","「経路入替」を表す汎用UIアイコン。APIと連携に関する操作または状態表示に使用する。","color/api-integration/shuffle.svg","monochrome/api-integration/shuffle.svg","16|20|24|32|48","16","3e7076a7a467ab378b04c4bfe813a091b1f4d42f7ac62a397a433bbcf2b8cbe7"
"UUI-0573","repeat","繰り返し連携","Repeat","api-integration","APIと連携","「繰り返し連携」を表す汎用UIアイコン。APIと連携に関する操作または状態表示に使用する。","color/api-integration/repeat.svg","monochrome/api-integration/repeat.svg","16|20|24|32|48","16","2e4d739f56b51db7bed86b97dea1b677e148e52520ae6f0b56f42281ec3cb869"
"UUI-0574","repeat-1","単一連携の繰り返し","Repeat 1","api-integration","APIと連携","「単一連携の繰り返し」を表す汎用UIアイコン。APIと連携に関する操作または状態表示に使用する。","color/api-integration/repeat-1.svg","monochrome/api-integration/repeat-1.svg","16|20|24|32|48","16","6fbc1f9d61cb8f4d94052ba4eaaaf3cc7f7bf5246bdca8e7ef79a92903db624c"
"UUI-0575","route-off","経路無効","Route Off","api-integration","APIと連携","「経路無効」を表す汎用UIアイコン。APIと連携に関する操作または状態表示に使用する。","color/api-integration/route-off.svg","monochrome/api-integration/route-off.svg","16|20|24|32|48","16","51131bb48cfeddbf7115cddb3c2733ef3bbaef38d252aa716f3f2cfe5cd3f03f"
"UUI-0576","arrow-left-right","双方向通信","Arrow Left Right","api-integration","APIと連携","「双方向通信」を表す汎用UIアイコン。APIと連携に関する操作または状態表示に使用する。","color/api-integration/arrow-left-right.svg","monochrome/api-integration/arrow-left-right.svg","16|20|24|32|48","16","75a808dc033277bf5b34e705f6374b23c15cf8905679a9b3fae1f2aee5da9ee3"
"UUI-0577","arrow-down-up","送受信","Arrow Down Up","api-integration","APIと連携","「送受信」を表す汎用UIアイコン。APIと連携に関する操作または状態表示に使用する。","color/api-integration/arrow-down-up.svg","monochrome/api-integration/arrow-down-up.svg","16|20|24|32|48","16","8c3ad24ef2c5c3cc8f8c0ae640e7709838577e7cf8358180dc2d033b43a1a9f8"
"UUI-0578","radio-off","無線連携無効","Radio Off","api-integration","APIと連携","「無線連携無効」を表す汎用UIアイコン。APIと連携に関する操作または状態表示に使用する。","color/api-integration/radio-off.svg","monochrome/api-integration/radio-off.svg","16|20|24|32|48","16","82804738f11e5b2c21a0d142bf909d9f1152c803134b8829c25c419253aa4fdb"
"UUI-0579","database-search","データベース検索","Database Search","database-analytics","データベース詳細","「データベース検索」を表す汎用UIアイコン。データベース詳細に関する操作または状態表示に使用する。","color/database-analytics/database-search.svg","monochrome/database-analytics/database-search.svg","16|20|24|32|48","16","ddbe7afdeba703d82307b428503b98660beeff9a8860f38bfc093af2f1c5f075"
"UUI-0580","database-zap","高速データ処理","Database Zap","database-analytics","データベース詳細","「高速データ処理」を表す汎用UIアイコン。データベース詳細に関する操作または状態表示に使用する。","color/database-analytics/database-zap.svg","monochrome/database-analytics/database-zap.svg","16|20|24|32|48","16","1ffc6324d423ba651933fac94f5c805bc4ab727f550e917a6c0cd7fe4cf21fae"
"UUI-0581","file-spreadsheet","表計算ファイル","File Spreadsheet","database-analytics","データベース詳細","「表計算ファイル」を表す汎用UIアイコン。データベース詳細に関する操作または状態表示に使用する。","color/database-analytics/file-spreadsheet.svg","monochrome/database-analytics/file-spreadsheet.svg","16|20|24|32|48","16","c5562c31da165f83b813b2503ac339d408bdfabe81609624e8df799dcf8f50cc"
"UUI-0582","table-properties","テーブル定義","Table Properties","database-analytics","データベース詳細","「テーブル定義」を表す汎用UIアイコン。データベース詳細に関する操作または状態表示に使用する。","color/database-analytics/table-properties.svg","monochrome/database-analytics/table-properties.svg","16|20|24|32|48","16","b55700bbfcaabfd5687863b17611c634537393777907c37e1bb0f4da981a8946"
"UUI-0583","table-of-contents","テーブル目次","Table Of Contents","database-analytics","データベース詳細","「テーブル目次」を表す汎用UIアイコン。データベース詳細に関する操作または状態表示に使用する。","color/database-analytics/table-of-contents.svg","monochrome/database-analytics/table-of-contents.svg","16|20|24|32|48","16","b05d32915f087c83321e240ca2fd3fd67e421de9ee2fa83e85ee6821566df2a7"
"UUI-0584","table-cells-merge","セル結合","Table Cells Merge","database-analytics","データベース詳細","「セル結合」を表す汎用UIアイコン。データベース詳細に関する操作または状態表示に使用する。","color/database-analytics/table-cells-merge.svg","monochrome/database-analytics/table-cells-merge.svg","16|20|24|32|48","16","21778cafdb7713816c619034b855b942cfef6c97e1238820517d824ec0f914fc"
"UUI-0585","table-cells-split","セル分割","Table Cells Split","database-analytics","データベース詳細","「セル分割」を表す汎用UIアイコン。データベース詳細に関する操作または状態表示に使用する。","color/database-analytics/table-cells-split.svg","monochrome/database-analytics/table-cells-split.svg","16|20|24|32|48","16","180c4d33b85536ceedfe0197bc0b0ded917ce567ae0377c9b2637cf54f65be74"
"UUI-0586","table-columns-split","列分割","Table Columns Split","database-analytics","データベース詳細","「列分割」を表す汎用UIアイコン。データベース詳細に関する操作または状態表示に使用する。","color/database-analytics/table-columns-split.svg","monochrome/database-analytics/table-columns-split.svg","16|20|24|32|48","16","7d03cbb8e75bd05d104be6b8f9af357154263055f524aee60f2ed76413b4ff93"
"UUI-0587","table-rows-split","行分割","Table Rows Split","database-analytics","データベース詳細","「行分割」を表す汎用UIアイコン。データベース詳細に関する操作または状態表示に使用する。","color/database-analytics/table-rows-split.svg","monochrome/database-analytics/table-rows-split.svg","16|20|24|32|48","16","14e8e4faa060a6821358376147cbbe4c02f374247afea4bab525a5939482d374"
"UUI-0588","columns-3","3列","Columns 3","database-analytics","データベース詳細","「3列」を表す汎用UIアイコン。データベース詳細に関する操作または状態表示に使用する。","color/database-analytics/columns-3.svg","monochrome/database-analytics/columns-3.svg","16|20|24|32|48","16","46d770fdba668c3f5d2350e6a567bc5484e09457f31d3eb482bdef8acf6f2656"
"UUI-0589","columns-4","4列","Columns 4","database-analytics","データベース詳細","「4列」を表す汎用UIアイコン。データベース詳細に関する操作または状態表示に使用する。","color/database-analytics/columns-4.svg","monochrome/database-analytics/columns-4.svg","16|20|24|32|48","16","419c6b68b9c8d5e5114fe7141a15b023583faa709d72d5cfb452ff9aa457ca47"
"UUI-0590","rows-3","3行","Rows 3","database-analytics","データベース詳細","「3行」を表す汎用UIアイコン。データベース詳細に関する操作または状態表示に使用する。","color/database-analytics/rows-3.svg","monochrome/database-analytics/rows-3.svg","16|20|24|32|48","16","0f2fc3132392f985daf6c593617bc9b4a9bf29699711ca4368a3fd235efe33f7"
"UUI-0591","rows-4","4行","Rows 4","database-analytics","データベース詳細","「4行」を表す汎用UIアイコン。データベース詳細に関する操作または状態表示に使用する。","color/database-analytics/rows-4.svg","monochrome/database-analytics/rows-4.svg","16|20|24|32|48","16","654869dd7915f686040a2e5a0d3ad587e05ee0c0516e7a916c74606524031d15"
"UUI-0592","grid-3x3","3×3グリッド","Grid 3x3","database-analytics","データベース詳細","「3×3グリッド」を表す汎用UIアイコン。データベース詳細に関する操作または状態表示に使用する。","color/database-analytics/grid-3x3.svg","monochrome/database-analytics/grid-3x3.svg","16|20|24|32|48","16","e1a2ae809fcc0e60e447641060401ab2ca579be64dfef911b80c2fae2428f130"
"UUI-0593","grid-3x2","3×2グリッド","Grid 3x2","database-analytics","データベース詳細","「3×2グリッド」を表す汎用UIアイコン。データベース詳細に関する操作または状態表示に使用する。","color/database-analytics/grid-3x2.svg","monochrome/database-analytics/grid-3x2.svg","16|20|24|32|48","16","08b834a8d5b54abae3712a74a79721a6ad8520715f1bb0815b1b67fc2553f467"
"UUI-0594","chart-scatter","散布図","Chart Scatter","database-analytics","データベース詳細","「散布図」を表す汎用UIアイコン。データベース詳細に関する操作または状態表示に使用する。","color/database-analytics/chart-scatter.svg","monochrome/database-analytics/chart-scatter.svg","16|20|24|32|48","16","853ce2cb9ccb5bd69f103eb65dc0505677ad1b6adc56dbc2a16e207824e81bae"
"UUI-0595","chart-spline","曲線グラフ","Chart Spline","database-analytics","データベース詳細","「曲線グラフ」を表す汎用UIアイコン。データベース詳細に関する操作または状態表示に使用する。","color/database-analytics/chart-spline.svg","monochrome/database-analytics/chart-spline.svg","16|20|24|32|48","16","a476a5ae5b9c5d2fc639a46b0bb1af4fb8f6a250b8c479abe5f68eeb85198baf"
"UUI-0596","chart-candlestick","ローソク足","Chart Candlestick","database-analytics","データベース詳細","「ローソク足」を表す汎用UIアイコン。データベース詳細に関する操作または状態表示に使用する。","color/database-analytics/chart-candlestick.svg","monochrome/database-analytics/chart-candlestick.svg","16|20|24|32|48","16","2af0adbd2db92579101f70e6e939c4dffa4c004cc9b81b75d63639b5c6dc7c23"
"UUI-0597","chart-column","縦棒グラフ","Chart Column","database-analytics","データベース詳細","「縦棒グラフ」を表す汎用UIアイコン。データベース詳細に関する操作または状態表示に使用する。","color/database-analytics/chart-column.svg","monochrome/database-analytics/chart-column.svg","16|20|24|32|48","16","f86242a772a1abe8527593449392d16858680cd61962c8b086baebd7bb0faf55"
"UUI-0598","chart-column-increasing","増加縦棒グラフ","Chart Column Increasing","database-analytics","データベース詳細","「増加縦棒グラフ」を表す汎用UIアイコン。データベース詳細に関する操作または状態表示に使用する。","color/database-analytics/chart-column-increasing.svg","monochrome/database-analytics/chart-column-increasing.svg","16|20|24|32|48","16","187fc3ae7a76399f58f6a1487074aa146fd7cf529e8fed525e5aa9ae98d782bb"
"UUI-0599","chart-column-decreasing","減少縦棒グラフ","Chart Column Decreasing","database-analytics","データベース詳細","「減少縦棒グラフ」を表す汎用UIアイコン。データベース詳細に関する操作または状態表示に使用する。","color/database-analytics/chart-column-decreasing.svg","monochrome/database-analytics/chart-column-decreasing.svg","16|20|24|32|48","16","8315f79a9b9345f5ed970c71eeaced8a91e788066b832e526fb74fe3fa71395f"
"UUI-0600","chart-column-stacked","積み上げ縦棒","Chart Column Stacked","database-analytics","データベース詳細","「積み上げ縦棒」を表す汎用UIアイコン。データベース詳細に関する操作または状態表示に使用する。","color/database-analytics/chart-column-stacked.svg","monochrome/database-analytics/chart-column-stacked.svg","16|20|24|32|48","16","e9bd3c64aeb98eafc93d9701d26be0a0333decc43d3e1c44b5c59ea0d4838ac9"
"UUI-0601","chart-bar-big","大型棒グラフ","Chart Bar Big","database-analytics","データベース詳細","「大型棒グラフ」を表す汎用UIアイコン。データベース詳細に関する操作または状態表示に使用する。","color/database-analytics/chart-bar-big.svg","monochrome/database-analytics/chart-bar-big.svg","16|20|24|32|48","16","e16afda12dd5e0c325da73c18d899fc7a3243e3fe9ad7a3f735462f53bc92847"
"UUI-0602","chart-bar-stacked","積み上げ横棒","Chart Bar Stacked","database-analytics","データベース詳細","「積み上げ横棒」を表す汎用UIアイコン。データベース詳細に関する操作または状態表示に使用する。","color/database-analytics/chart-bar-stacked.svg","monochrome/database-analytics/chart-bar-stacked.svg","16|20|24|32|48","16","9600002a23d08a7a66baaf4d0a7b71056637461a31790ad8a302d82c7317cbd5"
"UUI-0603","sigma","集計","Sigma","database-analytics","データベース詳細","「集計」を表す汎用UIアイコン。データベース詳細に関する操作または状態表示に使用する。","color/database-analytics/sigma.svg","monochrome/database-analytics/sigma.svg","16|20|24|32|48","16","bbd2e20fdcbb03e71ce517bd4729c6913e6cfac9da3aa7bafeb627c286fbcbb2"
"UUI-0604","cloud-backup","クラウドバックアップ","Cloud Backup","cloud-infrastructure","クラウドと基盤","「クラウドバックアップ」を表す汎用UIアイコン。クラウドと基盤に関する操作または状態表示に使用する。","color/cloud-infrastructure/cloud-backup.svg","monochrome/cloud-infrastructure/cloud-backup.svg","16|20|24|32|48","16","1311920de6ea570fe86e5ea913a154b4adb5f03a162d031b9b702e0fc04ac0fa"
"UUI-0605","cloud-sync","クラウド同期","Cloud Sync","cloud-infrastructure","クラウドと基盤","「クラウド同期」を表す汎用UIアイコン。クラウドと基盤に関する操作または状態表示に使用する。","color/cloud-infrastructure/cloud-sync.svg","monochrome/cloud-infrastructure/cloud-sync.svg","16|20|24|32|48","16","6fd644d11db7d5e36cac12a9e6605127d902ef9bbacddf4690d7a5420912ca13"
"UUI-0606","cloud-check","クラウド正常","Cloud Check","cloud-infrastructure","クラウドと基盤","「クラウド正常」を表す汎用UIアイコン。クラウドと基盤に関する操作または状態表示に使用する。","color/cloud-infrastructure/cloud-check.svg","monochrome/cloud-infrastructure/cloud-check.svg","16|20|24|32|48","16","01ad5ee2def59fed19ebdace2f166aece6cb3e66cd5c1df5c4e36cca632fd24a"
"UUI-0607","cloud-alert","クラウド警告","Cloud Alert","cloud-infrastructure","クラウドと基盤","「クラウド警告」を表す汎用UIアイコン。クラウドと基盤に関する操作または状態表示に使用する。","color/cloud-infrastructure/cloud-alert.svg","monochrome/cloud-infrastructure/cloud-alert.svg","16|20|24|32|48","16","efc4b83dcf132f0177ef8c1dfb4b78c2fcaa39d318785d2424985e96825e9d58"
"UUI-0608","monitor-cloud","クラウド端末","Monitor Cloud","cloud-infrastructure","クラウドと基盤","「クラウド端末」を表す汎用UIアイコン。クラウドと基盤に関する操作または状態表示に使用する。","color/cloud-infrastructure/monitor-cloud.svg","monochrome/cloud-infrastructure/monitor-cloud.svg","16|20|24|32|48","16","963f261722f72d6bae2c2165708f0dbaee772a48f2a5e288a58bd1700bffccf3"
"UUI-0609","hard-drive-download","ストレージから取得","Hard Drive Download","cloud-infrastructure","クラウドと基盤","「ストレージから取得」を表す汎用UIアイコン。クラウドと基盤に関する操作または状態表示に使用する。","color/cloud-infrastructure/hard-drive-download.svg","monochrome/cloud-infrastructure/hard-drive-download.svg","16|20|24|32|48","16","8f1e320d5f7f6da1cc9533d01b98daf0faa92d70813bc6586d8efba628767b13"
"UUI-0610","hard-drive-upload","ストレージへ保存","Hard Drive Upload","cloud-infrastructure","クラウドと基盤","「ストレージへ保存」を表す汎用UIアイコン。クラウドと基盤に関する操作または状態表示に使用する。","color/cloud-infrastructure/hard-drive-upload.svg","monochrome/cloud-infrastructure/hard-drive-upload.svg","16|20|24|32|48","16","2f857a04e8a8aee0331153c9e4b08acc64f64a6739eb648ecb1671745ee59168"
"UUI-0611","server-crash","サーバー障害","Server Crash","cloud-infrastructure","クラウドと基盤","「サーバー障害」を表す汎用UIアイコン。クラウドと基盤に関する操作または状態表示に使用する。","color/cloud-infrastructure/server-crash.svg","monochrome/cloud-infrastructure/server-crash.svg","16|20|24|32|48","16","b834a8a6350c153adf4a164913cf496f1b88e8bc0f460fb3bd4bc9a1055bb17f"
"UUI-0612","server-off","サーバー停止","Server Off","cloud-infrastructure","クラウドと基盤","「サーバー停止」を表す汎用UIアイコン。クラウドと基盤に関する操作または状態表示に使用する。","color/cloud-infrastructure/server-off.svg","monochrome/cloud-infrastructure/server-off.svg","16|20|24|32|48","16","131ad853abf137d706ff19bdb3d974fe27aca8ab7d723161ea53c8b8ac6c995c"
"UUI-0613","monitor-cog","端末設定","Monitor Cog","cloud-infrastructure","クラウドと基盤","「端末設定」を表す汎用UIアイコン。クラウドと基盤に関する操作または状態表示に使用する。","color/cloud-infrastructure/monitor-cog.svg","monochrome/cloud-infrastructure/monitor-cog.svg","16|20|24|32|48","16","63ec7c3e74842f69855bcb33b26ad577d1a5f2fe5bd64d8e111a4a591b4c997e"
"UUI-0614","monitor-dot","端末状態","Monitor Dot","cloud-infrastructure","クラウドと基盤","「端末状態」を表す汎用UIアイコン。クラウドと基盤に関する操作または状態表示に使用する。","color/cloud-infrastructure/monitor-dot.svg","monochrome/cloud-infrastructure/monitor-dot.svg","16|20|24|32|48","16","c253e669b2640f78cbe047030a8eabc4e2698443774d7559d5aa8881f266014a"
"UUI-0615","monitor-down","端末へ配布","Monitor Down","cloud-infrastructure","クラウドと基盤","「端末へ配布」を表す汎用UIアイコン。クラウドと基盤に関する操作または状態表示に使用する。","color/cloud-infrastructure/monitor-down.svg","monochrome/cloud-infrastructure/monitor-down.svg","16|20|24|32|48","16","d291d55c6a1fdec3a2c0f5ece5b567d5abc6af45595b9b32c140bcb3038ff407"
"UUI-0616","monitor-off","端末停止","Monitor Off","cloud-infrastructure","クラウドと基盤","「端末停止」を表す汎用UIアイコン。クラウドと基盤に関する操作または状態表示に使用する。","color/cloud-infrastructure/monitor-off.svg","monochrome/cloud-infrastructure/monitor-off.svg","16|20|24|32|48","16","6897c6f1a6251dda9bdb33d7855ecd424a018e2b60735e8a984d86b18d1c8ce7"
"UUI-0617","monitor-pause","端末一時停止","Monitor Pause","cloud-infrastructure","クラウドと基盤","「端末一時停止」を表す汎用UIアイコン。クラウドと基盤に関する操作または状態表示に使用する。","color/cloud-infrastructure/monitor-pause.svg","monochrome/cloud-infrastructure/monitor-pause.svg","16|20|24|32|48","16","30341e1055b633aa66f2117ff2a43727370ba82c033db3f252b2bbc4079eeb51"
"UUI-0618","monitor-play","端末実行","Monitor Play","cloud-infrastructure","クラウドと基盤","「端末実行」を表す汎用UIアイコン。クラウドと基盤に関する操作または状態表示に使用する。","color/cloud-infrastructure/monitor-play.svg","monochrome/cloud-infrastructure/monitor-play.svg","16|20|24|32|48","16","dd3467200d92415c3c9ec4f7b1a00150d7adbb8e9919a18e0dbb25826dd0bade"
"UUI-0619","monitor-up","端末から送信","Monitor Up","cloud-infrastructure","クラウドと基盤","「端末から送信」を表す汎用UIアイコン。クラウドと基盤に関する操作または状態表示に使用する。","color/cloud-infrastructure/monitor-up.svg","monochrome/cloud-infrastructure/monitor-up.svg","16|20|24|32|48","16","b96366d3f3aa272f73e4a9c02089a2b6ef83fbedf1087be57232f80f0306dd6d"
"UUI-0620","monitor-x","端末障害","Monitor X","cloud-infrastructure","クラウドと基盤","「端末障害」を表す汎用UIアイコン。クラウドと基盤に関する操作または状態表示に使用する。","color/cloud-infrastructure/monitor-x.svg","monochrome/cloud-infrastructure/monitor-x.svg","16|20|24|32|48","16","45b6d25ae4bb3fead5b0c8f1b752fff5b9de1d89efcebbdbf893fb5c537a38a1"
"UUI-0621","monitor-speaker","音声端末","Monitor Speaker","cloud-infrastructure","クラウドと基盤","「音声端末」を表す汎用UIアイコン。クラウドと基盤に関する操作または状態表示に使用する。","color/cloud-infrastructure/monitor-speaker.svg","monochrome/cloud-infrastructure/monitor-speaker.svg","16|20|24|32|48","16","182e28c17d55782e8afd7f42377ba134bb6b6b9a8cacdb3b2fd7599e54fa98cc"
"UUI-0622","computer","コンピューター","Computer","cloud-infrastructure","クラウドと基盤","「コンピューター」を表す汎用UIアイコン。クラウドと基盤に関する操作または状態表示に使用する。","color/cloud-infrastructure/computer.svg","monochrome/cloud-infrastructure/computer.svg","16|20|24|32|48","16","7840957a9f55c691a02154ed90316371d02d291859c68cb07c520c783a4cc5df"
"UUI-0623","gpu","GPU","Gpu","cloud-infrastructure","クラウドと基盤","「GPU」を表す汎用UIアイコン。クラウドと基盤に関する操作または状態表示に使用する。","color/cloud-infrastructure/gpu.svg","monochrome/cloud-infrastructure/gpu.svg","16|20|24|32|48","16","7249960dc0ca3477f010a44f5748405a2e256a469e817718192eb5806e1dbb5b"
"UUI-0624","microchip","マイクロチップ","Microchip","cloud-infrastructure","クラウドと基盤","「マイクロチップ」を表す汎用UIアイコン。クラウドと基盤に関する操作または状態表示に使用する。","color/cloud-infrastructure/microchip.svg","monochrome/cloud-infrastructure/microchip.svg","16|20|24|32|48","16","9bbdac712fdd06616b74c2acb102a48a8a07759be8323e40c0ef5e58e4bb6242"
"UUI-0625","component","システム部品","Component","cloud-infrastructure","クラウドと基盤","「システム部品」を表す汎用UIアイコン。クラウドと基盤に関する操作または状態表示に使用する。","color/cloud-infrastructure/component.svg","monochrome/cloud-infrastructure/component.svg","16|20|24|32|48","16","4a5b6aae1bc22d7dc37288ebe4eb716844d550ab54e3e3e84eedcd347cd80f29"
"UUI-0626","boxes","複数コンテナ","Boxes","cloud-infrastructure","クラウドと基盤","「複数コンテナ」を表す汎用UIアイコン。クラウドと基盤に関する操作または状態表示に使用する。","color/cloud-infrastructure/boxes.svg","monochrome/cloud-infrastructure/boxes.svg","16|20|24|32|48","16","237cbae009a96f602e9b9e03502b716c3d7acc3b7794f8a1e1b3393a19b868d2"
"UUI-0627","power-off","システム停止","Power Off","cloud-infrastructure","クラウドと基盤","「システム停止」を表す汎用UIアイコン。クラウドと基盤に関する操作または状態表示に使用する。","color/cloud-infrastructure/power-off.svg","monochrome/cloud-infrastructure/power-off.svg","16|20|24|32|48","16","5d819d1b4bc310dca6e4848512d5de4d891b9ec0dba62ac77e1027ef7b74abc9"
"UUI-0628","house-plug","拠点電源","House Plug","cloud-infrastructure","クラウドと基盤","「拠点電源」を表す汎用UIアイコン。クラウドと基盤に関する操作または状態表示に使用する。","color/cloud-infrastructure/house-plug.svg","monochrome/cloud-infrastructure/house-plug.svg","16|20|24|32|48","16","d03fba4d1ce48121c96a4f3c07cc90f2ce49691d538fb6fe7ffcd98c886c4850"
"UUI-0629","bug-play","不具合再現","Bug Play","testing-quality","テストと品質","「不具合再現」を表す汎用UIアイコン。テストと品質に関する操作または状態表示に使用する。","color/testing-quality/bug-play.svg","monochrome/testing-quality/bug-play.svg","16|20|24|32|48","16","f9ea593d513b016c2561bfa88fe3a568ec69f91b1b62b86e7e929dfdd1c48a4b"
"UUI-0630","beaker","テスト容器","Beaker","testing-quality","テストと品質","「テスト容器」を表す汎用UIアイコン。テストと品質に関する操作または状態表示に使用する。","color/testing-quality/beaker.svg","monochrome/testing-quality/beaker.svg","16|20|24|32|48","16","54dea2c99509fb0d23c46a988d5b3af1853b2a9c32727d72b6f14ca6e113b371"
"UUI-0631","flask-conical-off","試験停止","Flask Conical Off","testing-quality","テストと品質","「試験停止」を表す汎用UIアイコン。テストと品質に関する操作または状態表示に使用する。","color/testing-quality/flask-conical-off.svg","monochrome/testing-quality/flask-conical-off.svg","16|20|24|32|48","16","d4270307d4d8f3146bfeafe1f468ae89e277ac9f1d67941bed74dc5a99c27c88"
"UUI-0632","flask-round","試験環境","Flask Round","testing-quality","テストと品質","「試験環境」を表す汎用UIアイコン。テストと品質に関する操作または状態表示に使用する。","color/testing-quality/flask-round.svg","monochrome/testing-quality/flask-round.svg","16|20|24|32|48","16","c7647aebb90731855e3d3de4853e5406fa4305323f575ac799440b1670530c70"
"UUI-0633","test-tube-diagonal","単体試験","Test Tube Diagonal","testing-quality","テストと品質","「単体試験」を表す汎用UIアイコン。テストと品質に関する操作または状態表示に使用する。","color/testing-quality/test-tube-diagonal.svg","monochrome/testing-quality/test-tube-diagonal.svg","16|20|24|32|48","16","751316cb231bd5a508f356b0ae8fd052a75bb3f71020c2e11bacb7b5c1b036a8"
"UUI-0634","test-tubes","複数試験","Test Tubes","testing-quality","テストと品質","「複数試験」を表す汎用UIアイコン。テストと品質に関する操作または状態表示に使用する。","color/testing-quality/test-tubes.svg","monochrome/testing-quality/test-tubes.svg","16|20|24|32|48","16","b42d5307a3c43bb8c441626c6a0e0ca808d260ace96503965c1dc16738ee9d0e"
"UUI-0635","radar","監視レーダー","Radar","testing-quality","テストと品質","「監視レーダー」を表す汎用UIアイコン。テストと品質に関する操作または状態表示に使用する。","color/testing-quality/radar.svg","monochrome/testing-quality/radar.svg","16|20|24|32|48","16","9b054261150cb95c45a959d0c5252fbff2b9ac4480f7ba68eb00ee3b41a76029"
"UUI-0636","telescope","詳細観測","Telescope","testing-quality","テストと品質","「詳細観測」を表す汎用UIアイコン。テストと品質に関する操作または状態表示に使用する。","color/testing-quality/telescope.svg","monochrome/testing-quality/telescope.svg","16|20|24|32|48","16","c13f0f00b0508772d2663b22af1793943fbf6e61ad6916b916c70e2789ee6661"
"UUI-0637","search-check","検索結果正常","Search Check","testing-quality","テストと品質","「検索結果正常」を表す汎用UIアイコン。テストと品質に関する操作または状態表示に使用する。","color/testing-quality/search-check.svg","monochrome/testing-quality/search-check.svg","16|20|24|32|48","16","9bde7a6c630b737db464a30ac4bee3c4d8d8caa44124ce7965ae6fa99cb12a26"
"UUI-0638","search-x","検索結果異常","Search X","testing-quality","テストと品質","「検索結果異常」を表す汎用UIアイコン。テストと品質に関する操作または状態表示に使用する。","color/testing-quality/search-x.svg","monochrome/testing-quality/search-x.svg","16|20|24|32|48","16","4fd35d2bb39880097afbe0f1991723a78f2af38e47d1b9aaa8422b145c1dffcb"
"UUI-0639","search-alert","検索警告","Search Alert","testing-quality","テストと品質","「検索警告」を表す汎用UIアイコン。テストと品質に関する操作または状態表示に使用する。","color/testing-quality/search-alert.svg","monochrome/testing-quality/search-alert.svg","16|20|24|32|48","16","ed1e22fd1264c2092fc1c0eb55f9c1695f0194173bab7362de679262680daec3"
"UUI-0640","search-slash","検索対象外","Search Slash","testing-quality","テストと品質","「検索対象外」を表す汎用UIアイコン。テストと品質に関する操作または状態表示に使用する。","color/testing-quality/search-slash.svg","monochrome/testing-quality/search-slash.svg","16|20|24|32|48","16","4590d5df8fe5745ece5cafb5bad39d9f0e7959dbcb81c251fd66dea31fcd3cda"
"UUI-0641","file-scan","ファイル検査","File Scan","testing-quality","テストと品質","「ファイル検査」を表す汎用UIアイコン。テストと品質に関する操作または状態表示に使用する。","color/testing-quality/file-scan.svg","monochrome/testing-quality/file-scan.svg","16|20|24|32|48","16","b219a6dff023326f95e8550b5ebe35903d122f2ec3c620c34d61a2128f7f55e6"
"UUI-0642","file-search","ファイル検索","File Search","testing-quality","テストと品質","「ファイル検索」を表す汎用UIアイコン。テストと品質に関する操作または状態表示に使用する。","color/testing-quality/file-search.svg","monochrome/testing-quality/file-search.svg","16|20|24|32|48","16","11f1b421039f31cdaa1b3720d495386bd5f99a56aedc3462021c92897cc2f39f"
"UUI-0643","file-search-corner","範囲内ファイル検索","File Search Corner","testing-quality","テストと品質","「範囲内ファイル検索」を表す汎用UIアイコン。テストと品質に関する操作または状態表示に使用する。","color/testing-quality/file-search-corner.svg","monochrome/testing-quality/file-search-corner.svg","16|20|24|32|48","16","f7488427a491f2d485e065b0d47bfc8b80fce80d8b1645f30e56cffc15c10a06"
"UUI-0644","file-check-corner","ファイル部分検証","File Check Corner","testing-quality","テストと品質","「ファイル部分検証」を表す汎用UIアイコン。テストと品質に関する操作または状態表示に使用する。","color/testing-quality/file-check-corner.svg","monochrome/testing-quality/file-check-corner.svg","16|20|24|32|48","16","9fe20cf0906e3e55d3bf7452f8ad01ab13c0028e8365eedb64753c6374c7b925"
"UUI-0645","file-x-corner","ファイル部分エラー","File X Corner","testing-quality","テストと品質","「ファイル部分エラー」を表す汎用UIアイコン。テストと品質に関する操作または状態表示に使用する。","color/testing-quality/file-x-corner.svg","monochrome/testing-quality/file-x-corner.svg","16|20|24|32|48","16","89b0fce45afd60e049cd958b82070f6056231fec83ea0ddc43f5b2f1f2eb2312"
"UUI-0646","file-exclamation-point","ファイル警告","File Exclamation Point","testing-quality","テストと品質","「ファイル警告」を表す汎用UIアイコン。テストと品質に関する操作または状態表示に使用する。","color/testing-quality/file-exclamation-point.svg","monochrome/testing-quality/file-exclamation-point.svg","16|20|24|32|48","16","ea7f00cd559ac929c7910b20cab2c40288f875bd90282a579c852cd0ebdb232e"
"UUI-0647","clipboard-check","試験完了","Clipboard Check","testing-quality","テストと品質","「試験完了」を表す汎用UIアイコン。テストと品質に関する操作または状態表示に使用する。","color/testing-quality/clipboard-check.svg","monochrome/testing-quality/clipboard-check.svg","16|20|24|32|48","16","1819057640ab5dd0bcc55c7b230db629852c001cb6749458d1211e5488e1ac9a"
"UUI-0648","clipboard-x","試験失敗","Clipboard X","testing-quality","テストと品質","「試験失敗」を表す汎用UIアイコン。テストと品質に関する操作または状態表示に使用する。","color/testing-quality/clipboard-x.svg","monochrome/testing-quality/clipboard-x.svg","16|20|24|32|48","16","bf25b9acfaa1275b38d83931ceaa60d454154bf3d83098b52a8e5a95afb369dd"
"UUI-0649","copy-check","複製検証済み","Copy Check","testing-quality","テストと品質","「複製検証済み」を表す汎用UIアイコン。テストと品質に関する操作または状態表示に使用する。","color/testing-quality/copy-check.svg","monochrome/testing-quality/copy-check.svg","16|20|24|32|48","16","c53f3d114fc845b60b152ab5346e107e017ddb744b6bff90c6952d85303d136b"
"UUI-0650","copy-x","複製不一致","Copy X","testing-quality","テストと品質","「複製不一致」を表す汎用UIアイコン。テストと品質に関する操作または状態表示に使用する。","color/testing-quality/copy-x.svg","monochrome/testing-quality/copy-x.svg","16|20|24|32|48","16","47b42a7959892514c9bcd2098339f48c242ee935a7c4938efba8a5fc99b876ed"
"UUI-0651","grid-2x2-check","グリッド検証","Grid 2x2 Check","testing-quality","テストと品質","「グリッド検証」を表す汎用UIアイコン。テストと品質に関する操作または状態表示に使用する。","color/testing-quality/grid-2x2-check.svg","monochrome/testing-quality/grid-2x2-check.svg","16|20|24|32|48","16","9f26c3c225708789184095ed76d4ae3bad06c8b8e189191e1a3b7962c572637e"
"UUI-0652","square-check-big","品質合格","Square Check Big","testing-quality","テストと品質","「品質合格」を表す汎用UIアイコン。テストと品質に関する操作または状態表示に使用する。","color/testing-quality/square-check-big.svg","monochrome/testing-quality/square-check-big.svg","16|20|24|32|48","16","34ebf701abda929a38aaca2fc14e23a1783b5b4c3a03a06dd92329f0d0dcae16"
"UUI-0653","octagon-x","重大な試験失敗","Octagon X","testing-quality","テストと品質","「重大な試験失敗」を表す汎用UIアイコン。テストと品質に関する操作または状態表示に使用する。","color/testing-quality/octagon-x.svg","monochrome/testing-quality/octagon-x.svg","16|20|24|32|48","16","2bb20a8ae1418e1c6d523724d8526c0952d6dc9faacec6e64ed558d2adc9448c"
"UUI-0654","shield-cog","保護設定","Shield Cog","dev-security","開発セキュリティ","「保護設定」を表す汎用UIアイコン。開発セキュリティに関する操作または状態表示に使用する。","color/dev-security/shield-cog.svg","monochrome/dev-security/shield-cog.svg","16|20|24|32|48","16","9c6cb6e990d80328f096a56a6e9bea278be6338b6f7944568c1387a65cffe7ac"
"UUI-0655","shield-cog-corner","部分保護設定","Shield Cog Corner","dev-security","開発セキュリティ","「部分保護設定」を表す汎用UIアイコン。開発セキュリティに関する操作または状態表示に使用する。","color/dev-security/shield-cog-corner.svg","monochrome/dev-security/shield-cog-corner.svg","16|20|24|32|48","16","22808925da9645c9e7829d5c1d396419f986280b60f8c6e17bd3bede43990539"
"UUI-0656","shield-ellipsis","保護処理中","Shield Ellipsis","dev-security","開発セキュリティ","「保護処理中」を表す汎用UIアイコン。開発セキュリティに関する操作または状態表示に使用する。","color/dev-security/shield-ellipsis.svg","monochrome/dev-security/shield-ellipsis.svg","16|20|24|32|48","16","7b807f3c2de6aee8b674aa74861056885b33aa842f9afc64c799a5ea5f2c081d"
"UUI-0657","shield-half","部分保護","Shield Half","dev-security","開発セキュリティ","「部分保護」を表す汎用UIアイコン。開発セキュリティに関する操作または状態表示に使用する。","color/dev-security/shield-half.svg","monochrome/dev-security/shield-half.svg","16|20|24|32|48","16","463fa1121ce8f505fd3a13bfe979149b92998aba58c74b4e34c6217bf0cef4a0"
"UUI-0658","shield-off","保護無効","Shield Off","dev-security","開発セキュリティ","「保護無効」を表す汎用UIアイコン。開発セキュリティに関する操作または状態表示に使用する。","color/dev-security/shield-off.svg","monochrome/dev-security/shield-off.svg","16|20|24|32|48","16","6644f68b713dd232ccad1f66bf898e9c8fd812ad0fdf8668d3ef7dd5cc7b28ea"
"UUI-0659","shield-user","ユーザー保護","Shield User","dev-security","開発セキュリティ","「ユーザー保護」を表す汎用UIアイコン。開発セキュリティに関する操作または状態表示に使用する。","color/dev-security/shield-user.svg","monochrome/dev-security/shield-user.svg","16|20|24|32|48","16","989c0f7617781a53efb2ff76f133d70e98cde12bc8ea25b86e93eb045297d3ab"
"UUI-0660","brick-wall","ファイアウォール","Brick Wall","dev-security","開発セキュリティ","「ファイアウォール」を表す汎用UIアイコン。開発セキュリティに関する操作または状態表示に使用する。","color/dev-security/brick-wall.svg","monochrome/dev-security/brick-wall.svg","16|20|24|32|48","16","ade25407cf1f11fc6dbe0c4ded79e85bf749d55f7cb761ab1ec8627ed3c7ca41"
"UUI-0661","brick-wall-fire","ファイアウォール警告","Brick Wall Fire","dev-security","開発セキュリティ","「ファイアウォール警告」を表す汎用UIアイコン。開発セキュリティに関する操作または状態表示に使用する。","color/dev-security/brick-wall-fire.svg","monochrome/dev-security/brick-wall-fire.svg","16|20|24|32|48","16","98ea17ea97ae46a5c25092ad6c7312cc67d59dd1a23786102ba195914de31767"
"UUI-0662","brick-wall-shield","防御壁","Brick Wall Shield","dev-security","開発セキュリティ","「防御壁」を表す汎用UIアイコン。開発セキュリティに関する操作または状態表示に使用する。","color/dev-security/brick-wall-shield.svg","monochrome/dev-security/brick-wall-shield.svg","16|20|24|32|48","16","11d4de15b6dd33833dec0c8ee35844753427b31f2dd083e9653b12749fadfe3c"
"UUI-0663","door-closed-locked","施錠済み入口","Door Closed Locked","dev-security","開発セキュリティ","「施錠済み入口」を表す汎用UIアイコン。開発セキュリティに関する操作または状態表示に使用する。","color/dev-security/door-closed-locked.svg","monochrome/dev-security/door-closed-locked.svg","16|20|24|32|48","16","4f2f787eecd7d890437de42405004e8e567356bea44d440962d4829e711c29aa"
"UUI-0664","earth-lock","外部ネットワーク保護","Earth Lock","dev-security","開発セキュリティ","「外部ネットワーク保護」を表す汎用UIアイコン。開発セキュリティに関する操作または状態表示に使用する。","color/dev-security/earth-lock.svg","monochrome/dev-security/earth-lock.svg","16|20|24|32|48","16","6ad9fee2bf5c22507190412d059806a6b986918668bc93787c1a947a9e01bad7"
"UUI-0665","globe-lock","Webアクセス保護","Globe Lock","dev-security","開発セキュリティ","「Webアクセス保護」を表す汎用UIアイコン。開発セキュリティに関する操作または状態表示に使用する。","color/dev-security/globe-lock.svg","monochrome/dev-security/globe-lock.svg","16|20|24|32|48","16","d81241092395ed1f22e4b532c2072c323400ec27f5fd47e619ba5fd3df7b8167"
"UUI-0666","file-key","鍵付きファイル","File Key","dev-security","開発セキュリティ","「鍵付きファイル」を表す汎用UIアイコン。開発セキュリティに関する操作または状態表示に使用する。","color/dev-security/file-key.svg","monochrome/dev-security/file-key.svg","16|20|24|32|48","16","a06038018413bc39ef872c41e73c599195427496ef864b9f4f53d02a02f0c314"
"UUI-0667","folder-key","鍵付きフォルダー","Folder Key","dev-security","開発セキュリティ","「鍵付きフォルダー」を表す汎用UIアイコン。開発セキュリティに関する操作または状態表示に使用する。","color/dev-security/folder-key.svg","monochrome/dev-security/folder-key.svg","16|20|24|32|48","16","546f8d7cdd6ebd29d9f80c073f5656d64ba34398ae81ed2722fe8ef0970b696c"
"UUI-0668","folder-lock","保護フォルダー","Folder Lock","dev-security","開発セキュリティ","「保護フォルダー」を表す汎用UIアイコン。開発セキュリティに関する操作または状態表示に使用する。","color/dev-security/folder-lock.svg","monochrome/dev-security/folder-lock.svg","16|20|24|32|48","16","ecc8864261d95c6a648748ab4d1171cb169a3ebb985e943cf867b560f9884eb0"
"UUI-0669","message-square-lock","暗号化メッセージ","Message Square Lock","dev-security","開発セキュリティ","「暗号化メッセージ」を表す汎用UIアイコン。開発セキュリティに関する操作または状態表示に使用する。","color/dev-security/message-square-lock.svg","monochrome/dev-security/message-square-lock.svg","16|20|24|32|48","16","e9002021e3ebfaefe214e69cbedcaee9ef9a0d0c97d669a03a27d321e4e44dc7"
"UUI-0670","rotate-ccw-key","鍵をローテーション","Rotate Ccw Key","dev-security","開発セキュリティ","「鍵をローテーション」を表す汎用UIアイコン。開発セキュリティに関する操作または状態表示に使用する。","color/dev-security/rotate-ccw-key.svg","monochrome/dev-security/rotate-ccw-key.svg","16|20|24|32|48","16","ace5edc36631c23366ee98d52116b556db4c05afd697e575c916bf114fc20974"
"UUI-0671","user-key","ユーザーキー","User Key","dev-security","開発セキュリティ","「ユーザーキー」を表す汎用UIアイコン。開発セキュリティに関する操作または状態表示に使用する。","color/dev-security/user-key.svg","monochrome/dev-security/user-key.svg","16|20|24|32|48","16","dc08de28fba0a514c3e91841bf01384419690946073e0ea58e13618468a7dd1d"
"UUI-0672","user-lock","ユーザーロック","User Lock","dev-security","開発セキュリティ","「ユーザーロック」を表す汎用UIアイコン。開発セキュリティに関する操作または状態表示に使用する。","color/dev-security/user-lock.svg","monochrome/dev-security/user-lock.svg","16|20|24|32|48","16","867283beb317b4e19833fd2d5777605edc4c567fdec0d6a5f9084f0aa0b68872"
"UUI-0673","lock-keyhole","キーホールロック","Lock Keyhole","dev-security","開発セキュリティ","「キーホールロック」を表す汎用UIアイコン。開発セキュリティに関する操作または状態表示に使用する。","color/dev-security/lock-keyhole.svg","monochrome/dev-security/lock-keyhole.svg","16|20|24|32|48","16","12650733cf16aaca4f4e14320e66a7b795c120e381d65deffd0060beb1b87f38"
"UUI-0674","lock-keyhole-open","キーホール解除","Lock Keyhole Open","dev-security","開発セキュリティ","「キーホール解除」を表す汎用UIアイコン。開発セキュリティに関する操作または状態表示に使用する。","color/dev-security/lock-keyhole-open.svg","monochrome/dev-security/lock-keyhole-open.svg","16|20|24|32|48","16","05a421fe8571473bfcbf335af1d3a766e1c6620c04a3658a6421feb3bf029f5f"
"UUI-0675","signature","電子署名","Signature","dev-security","開発セキュリティ","「電子署名」を表す汎用UIアイコン。開発セキュリティに関する操作または状態表示に使用する。","color/dev-security/signature.svg","monochrome/dev-security/signature.svg","16|20|24|32|48","16","1d319d33a320673cf9e8e2ed50a091ca3192656b86ac75691ad734d0bfb24486"
"UUI-0676","keyboard-off","入力禁止","Keyboard Off","dev-security","開発セキュリティ","「入力禁止」を表す汎用UIアイコン。開発セキュリティに関する操作または状態表示に使用する。","color/dev-security/keyboard-off.svg","monochrome/dev-security/keyboard-off.svg","16|20|24|32|48","16","054b2d19076935bfffa1851e571433b2d47bfd7691d5fd0a7ff191d4d43e8291"
"UUI-0677","file-badge","認証付きファイル","File Badge","dev-security","開発セキュリティ","「認証付きファイル」を表す汎用UIアイコン。開発セキュリティに関する操作または状態表示に使用する。","color/dev-security/file-badge.svg","monochrome/dev-security/file-badge.svg","16|20|24|32|48","16","7bfce47ee813be0d4d9126a9c2f4d91ed1beb907497bac8f7c82fadc92b5ef25"
"UUI-0678","badge","資格情報","Badge","dev-security","開発セキュリティ","「資格情報」を表す汎用UIアイコン。開発セキュリティに関する操作または状態表示に使用する。","color/dev-security/badge.svg","monochrome/dev-security/badge.svg","16|20|24|32|48","16","95c4e036501a5bd148e07fdf4f86b891e7d13352d095ecf8e45cbddb68c20954"
"UUI-0679","kanban","カンバン","Kanban","project-management","プロジェクト管理","「カンバン」を表す汎用UIアイコン。プロジェクト管理に関する操作または状態表示に使用する。","color/project-management/kanban.svg","monochrome/project-management/kanban.svg","16|20|24|32|48","16","ab696f7767a491b0ba582bcc6eebbcdd55246c0508e77f4ff2eaab7827c2eb48"
"UUI-0680","square-kanban","カンバンボード","Square Kanban","project-management","プロジェクト管理","「カンバンボード」を表す汎用UIアイコン。プロジェクト管理に関する操作または状態表示に使用する。","color/project-management/square-kanban.svg","monochrome/project-management/square-kanban.svg","16|20|24|32|48","16","a536abd12d87ed17813a3d1f75dec3f95cc3864edcfb8c4495cbde7c128a7f18"
"UUI-0681","square-dashed-kanban","下書きカンバン","Square Dashed Kanban","project-management","プロジェクト管理","「下書きカンバン」を表す汎用UIアイコン。プロジェクト管理に関する操作または状態表示に使用する。","color/project-management/square-dashed-kanban.svg","monochrome/project-management/square-dashed-kanban.svg","16|20|24|32|48","16","baba8265dc8ec178ef220e59c2dbbec1a0fd924e6df7038bb3c8768be96602c8"
"UUI-0682","chart-gantt","ガントチャート","Chart Gantt","project-management","プロジェクト管理","「ガントチャート」を表す汎用UIアイコン。プロジェクト管理に関する操作または状態表示に使用する。","color/project-management/chart-gantt.svg","monochrome/project-management/chart-gantt.svg","16|20|24|32|48","16","c71c9fcfc2da05e5f7fbff4c4303d172bccff746bb1d12aa5b9d1be5ebb72a37"
"UUI-0683","chart-no-axes-gantt","簡易ガントチャート","Chart No Axes Gantt","project-management","プロジェクト管理","「簡易ガントチャート」を表す汎用UIアイコン。プロジェクト管理に関する操作または状態表示に使用する。","color/project-management/chart-no-axes-gantt.svg","monochrome/project-management/chart-no-axes-gantt.svg","16|20|24|32|48","16","79f062b1320ec025b7177cde363252ea3d944652c72fbd8ff26841103838291d"
"UUI-0684","square-chart-gantt","ガント画面","Square Chart Gantt","project-management","プロジェクト管理","「ガント画面」を表す汎用UIアイコン。プロジェクト管理に関する操作または状態表示に使用する。","color/project-management/square-chart-gantt.svg","monochrome/project-management/square-chart-gantt.svg","16|20|24|32|48","16","71ee2283b94e912cd8084561dc5cbca671c5c349108a3cc79449a1c3632a0a18"
"UUI-0685","goal","達成目標","Goal","project-management","プロジェクト管理","「達成目標」を表す汎用UIアイコン。プロジェクト管理に関する操作または状態表示に使用する。","color/project-management/goal.svg","monochrome/project-management/goal.svg","16|20|24|32|48","16","5953b19c286044550037b8db9f50ed6b479f989aa2a92ee2c2920123509b3a83"
"UUI-0686","folder-kanban","プロジェクトフォルダー","Folder Kanban","project-management","プロジェクト管理","「プロジェクトフォルダー」を表す汎用UIアイコン。プロジェクト管理に関する操作または状態表示に使用する。","color/project-management/folder-kanban.svg","monochrome/project-management/folder-kanban.svg","16|20|24|32|48","16","8baf18e592b5abce1d73a8b2539f41cf9e426a1d75c42fcc9710aa381c416746"
"UUI-0687","list-todo","TODO一覧","List Todo","project-management","プロジェクト管理","「TODO一覧」を表す汎用UIアイコン。プロジェクト管理に関する操作または状態表示に使用する。","color/project-management/list-todo.svg","monochrome/project-management/list-todo.svg","16|20|24|32|48","16","4d4b7463a1cfca8243c819110cf115066c37812fb8853b8c137391f2155169cc"
"UUI-0688","list-check","完了一覧","List Check","project-management","プロジェクト管理","「完了一覧」を表す汎用UIアイコン。プロジェクト管理に関する操作または状態表示に使用する。","color/project-management/list-check.svg","monochrome/project-management/list-check.svg","16|20|24|32|48","16","694df2ae30a1bfb3d4404ae326ad19e596987ec0cfe63bf883b06f1233667a64"
"UUI-0689","clipboard-clock","期限付きタスク","Clipboard Clock","project-management","プロジェクト管理","「期限付きタスク」を表す汎用UIアイコン。プロジェクト管理に関する操作または状態表示に使用する。","color/project-management/clipboard-clock.svg","monochrome/project-management/clipboard-clock.svg","16|20|24|32|48","16","3feb73e5ace415446d703e52cf85b017790b94cd9632e2ea37dc9880f244289d"
"UUI-0690","clipboard-plus","タスク追加","Clipboard Plus","project-management","プロジェクト管理","「タスク追加」を表す汎用UIアイコン。プロジェクト管理に関する操作または状態表示に使用する。","color/project-management/clipboard-plus.svg","monochrome/project-management/clipboard-plus.svg","16|20|24|32|48","16","e437c6796404a987621602e3d517e1d60b1875dc765df4bd017e6b048fa5ed9a"
"UUI-0691","clipboard-minus","タスク削除","Clipboard Minus","project-management","プロジェクト管理","「タスク削除」を表す汎用UIアイコン。プロジェクト管理に関する操作または状態表示に使用する。","color/project-management/clipboard-minus.svg","monochrome/project-management/clipboard-minus.svg","16|20|24|32|48","16","2bd503747036bcd18e44ba20714d75932aa5fcc0bd62086878b42777afe563f5"
"UUI-0692","clipboard-pen","タスク編集","Clipboard Pen","project-management","プロジェクト管理","「タスク編集」を表す汎用UIアイコン。プロジェクト管理に関する操作または状態表示に使用する。","color/project-management/clipboard-pen.svg","monochrome/project-management/clipboard-pen.svg","16|20|24|32|48","16","34e329d7e37c20b0a7b3e86e06e950a01a6110deb96775286c20b56395664536"
"UUI-0693","clipboard-pen-line","タスク詳細編集","Clipboard Pen Line","project-management","プロジェクト管理","「タスク詳細編集」を表す汎用UIアイコン。プロジェクト管理に関する操作または状態表示に使用する。","color/project-management/clipboard-pen-line.svg","monochrome/project-management/clipboard-pen-line.svg","16|20|24|32|48","16","2d14bd1fc2f4ea8638a2dff698f1995b7f73b883cd3edb8b91dae5a486d4ce52"
"UUI-0694","calendar-cog","日程設定","Calendar Cog","project-management","プロジェクト管理","「日程設定」を表す汎用UIアイコン。プロジェクト管理に関する操作または状態表示に使用する。","color/project-management/calendar-cog.svg","monochrome/project-management/calendar-cog.svg","16|20|24|32|48","16","3ecaaa13aa6274c1ebadca3b12e6af569ce8a3806929e28f23cec161984510b7"
"UUI-0695","calendar-search","日程検索","Calendar Search","project-management","プロジェクト管理","「日程検索」を表す汎用UIアイコン。プロジェクト管理に関する操作または状態表示に使用する。","color/project-management/calendar-search.svg","monochrome/project-management/calendar-search.svg","16|20|24|32|48","16","c6458b6f75af52bb2a9fe56f785e2d5c502f66d707e5ea94cff5beb60704e1b2"
"UUI-0696","calendar-sync","日程同期","Calendar Sync","project-management","プロジェクト管理","「日程同期」を表す汎用UIアイコン。プロジェクト管理に関する操作または状態表示に使用する。","color/project-management/calendar-sync.svg","monochrome/project-management/calendar-sync.svg","16|20|24|32|48","16","eb1e5920fdf87bcfa38c7d85017b2bd63d72da8e1339bd6c5c1208184f65d001"
"UUI-0697","calendar-arrow-down","予定取り込み","Calendar Arrow Down","project-management","プロジェクト管理","「予定取り込み」を表す汎用UIアイコン。プロジェクト管理に関する操作または状態表示に使用する。","color/project-management/calendar-arrow-down.svg","monochrome/project-management/calendar-arrow-down.svg","16|20|24|32|48","16","51f4b49190b996b5d1df30923a485055fe814e20060ad983318275ba754b57f0"
"UUI-0698","calendar-arrow-up","予定書き出し","Calendar Arrow Up","project-management","プロジェクト管理","「予定書き出し」を表す汎用UIアイコン。プロジェクト管理に関する操作または状態表示に使用する。","color/project-management/calendar-arrow-up.svg","monochrome/project-management/calendar-arrow-up.svg","16|20|24|32|48","16","857c5de7fb7bccd7359b5830badff4f9253249c43bc3e9eb5c179392d5db7240"
"UUI-0699","flag-triangle-left","開始地点","Flag Triangle Left","project-management","プロジェクト管理","「開始地点」を表す汎用UIアイコン。プロジェクト管理に関する操作または状態表示に使用する。","color/project-management/flag-triangle-left.svg","monochrome/project-management/flag-triangle-left.svg","16|20|24|32|48","16","2cfd6d3116b65d3faa23be2b1f7492c4c9c245ce4baa5fd307dfe90668619791"
"UUI-0700","flag-triangle-right","終了地点","Flag Triangle Right","project-management","プロジェクト管理","「終了地点」を表す汎用UIアイコン。プロジェクト管理に関する操作または状態表示に使用する。","color/project-management/flag-triangle-right.svg","monochrome/project-management/flag-triangle-right.svg","16|20|24|32|48","16","2914fd5ede93518e29424ff4302f744e5241c774ea7db84d7847c01c252f1d89"
"UUI-0701","trophy","成果","Trophy","project-management","プロジェクト管理","「成果」を表す汎用UIアイコン。プロジェクト管理に関する操作または状態表示に使用する。","color/project-management/trophy.svg","monochrome/project-management/trophy.svg","16|20|24|32|48","16","15675c3de3ccab8fa5473dad0a5791cf80d33660fb82f1a65cd912699c0b9d3b"
"UUI-0702","award","表彰","Award","project-management","プロジェクト管理","「表彰」を表す汎用UIアイコン。プロジェクト管理に関する操作または状態表示に使用する。","color/project-management/award.svg","monochrome/project-management/award.svg","16|20|24|32|48","16","5a3ce7cd6358bb271cc862828634163c7c493926f4fb21b7951727a8520c9282"
"UUI-0703","timer-off","期限なし","Timer Off","project-management","プロジェクト管理","「期限なし」を表す汎用UIアイコン。プロジェクト管理に関する操作または状態表示に使用する。","color/project-management/timer-off.svg","monochrome/project-management/timer-off.svg","16|20|24|32|48","16","ebd417ef97ea40c92139ccfc6d6875f0b7a6bac2b6706735e0a2ba0e95c50db7"
"UUI-0704","list-chevrons-down-up","一覧を縮める","List Chevrons Down Up","business-workflow","業務フロー","「一覧を縮める」を表す汎用UIアイコン。業務フローに関する操作または状態表示に使用する。","color/business-workflow/list-chevrons-down-up.svg","monochrome/business-workflow/list-chevrons-down-up.svg","16|20|24|32|48","16","57971863ccd507fccbad35c422a21c8aed8814be40b29da1c293b34591f5cfea"
"UUI-0705","list-chevrons-up-down","一覧を広げる","List Chevrons Up Down","business-workflow","業務フロー","「一覧を広げる」を表す汎用UIアイコン。業務フローに関する操作または状態表示に使用する。","color/business-workflow/list-chevrons-up-down.svg","monochrome/business-workflow/list-chevrons-up-down.svg","16|20|24|32|48","16","e14d5085add2c7a5a5780266b80bd5b789162fb3ee1d79e292f4bfe6aeb7ec7a"
"UUI-0706","list-collapse","一覧を折り畳む","List Collapse","business-workflow","業務フロー","「一覧を折り畳む」を表す汎用UIアイコン。業務フローに関する操作または状態表示に使用する。","color/business-workflow/list-collapse.svg","monochrome/business-workflow/list-collapse.svg","16|20|24|32|48","16","4b3f0789d1654e2cdcb2599c1c648bdd1c52459382ad4aa821ffba25b60f5efd"
"UUI-0707","list-plus","工程追加","List Plus","business-workflow","業務フロー","「工程追加」を表す汎用UIアイコン。業務フローに関する操作または状態表示に使用する。","color/business-workflow/list-plus.svg","monochrome/business-workflow/list-plus.svg","16|20|24|32|48","16","e69df256166d128586fb0c2cc59572fd2834236c8e7756927b549e5f7730f2e6"
"UUI-0708","list-minus","工程削除","List Minus","business-workflow","業務フロー","「工程削除」を表す汎用UIアイコン。業務フローに関する操作または状態表示に使用する。","color/business-workflow/list-minus.svg","monochrome/business-workflow/list-minus.svg","16|20|24|32|48","16","9fe6a26edee778799097b244a7b14d0750e784c566f283de9335b40a867323ce"
"UUI-0709","list-filter-plus","条件工程追加","List Filter Plus","business-workflow","業務フロー","「条件工程追加」を表す汎用UIアイコン。業務フローに関する操作または状態表示に使用する。","color/business-workflow/list-filter-plus.svg","monochrome/business-workflow/list-filter-plus.svg","16|20|24|32|48","16","58fe9adb636c7e624cfadc8f016c93a122037d4dacc1c936e36e4ca0e9a94e14"
"UUI-0710","square-split-horizontal","横分岐","Square Split Horizontal","business-workflow","業務フロー","「横分岐」を表す汎用UIアイコン。業務フローに関する操作または状態表示に使用する。","color/business-workflow/square-split-horizontal.svg","monochrome/business-workflow/square-split-horizontal.svg","16|20|24|32|48","16","b68a51fda82dcfb95c7be9a9a425e402fbb0fc4d1bc2d22d5efc54499bc20e86"
"UUI-0711","square-split-vertical","縦分岐","Square Split Vertical","business-workflow","業務フロー","「縦分岐」を表す汎用UIアイコン。業務フローに関する操作または状態表示に使用する。","color/business-workflow/square-split-vertical.svg","monochrome/business-workflow/square-split-vertical.svg","16|20|24|32|48","16","c829c9f9070d65d1a6c837cf576af4250928c1248433fb270141d0b99eff5747"
"UUI-0712","bring-to-front","前面工程","Bring To Front","business-workflow","業務フロー","「前面工程」を表す汎用UIアイコン。業務フローに関する操作または状態表示に使用する。","color/business-workflow/bring-to-front.svg","monochrome/business-workflow/bring-to-front.svg","16|20|24|32|48","16","a75c6dba83a1370e726941b21685f0811cb794d90a49b6545c1cf945cc8b04fa"
"UUI-0713","send-to-back","背面工程","Send To Back","business-workflow","業務フロー","「背面工程」を表す汎用UIアイコン。業務フローに関する操作または状態表示に使用する。","color/business-workflow/send-to-back.svg","monochrome/business-workflow/send-to-back.svg","16|20|24|32|48","16","66991991611ae5686bd21cbb05c3292cd5978f554a14e46095ad098592530310"
"UUI-0714","group","工程グループ化","Group","business-workflow","業務フロー","「工程グループ化」を表す汎用UIアイコン。業務フローに関する操作または状態表示に使用する。","color/business-workflow/group.svg","monochrome/business-workflow/group.svg","16|20|24|32|48","16","5d3145aae2abf11cb8a66f30f112c6a552a9be8add5b12bb64ad805b6618bc30"
"UUI-0715","ungroup","工程グループ解除","Ungroup","business-workflow","業務フロー","「工程グループ解除」を表す汎用UIアイコン。業務フローに関する操作または状態表示に使用する。","color/business-workflow/ungroup.svg","monochrome/business-workflow/ungroup.svg","16|20|24|32|48","16","e40ed851b7b862784daac05d024f2099fadea9fa7cfbbe265ca3e96e1ddc2f86"
"UUI-0716","iteration-ccw","反時計回り反復","Iteration Ccw","business-workflow","業務フロー","「反時計回り反復」を表す汎用UIアイコン。業務フローに関する操作または状態表示に使用する。","color/business-workflow/iteration-ccw.svg","monochrome/business-workflow/iteration-ccw.svg","16|20|24|32|48","16","f27d232525fce70204bacd8df9c73c9d187079e329763c4e2ec721472c87a4f4"
"UUI-0717","iteration-cw","時計回り反復","Iteration Cw","business-workflow","業務フロー","「時計回り反復」を表す汎用UIアイコン。業務フローに関する操作または状態表示に使用する。","color/business-workflow/iteration-cw.svg","monochrome/business-workflow/iteration-cw.svg","16|20|24|32|48","16","8c5825be8a74468a540e34b584c3a6c44ee92b33e3d1f67f113200684a5783d4"
"UUI-0718","layers-2","工程レイヤー","Layers 2","business-workflow","業務フロー","「工程レイヤー」を表す汎用UIアイコン。業務フローに関する操作または状態表示に使用する。","color/business-workflow/layers-2.svg","monochrome/business-workflow/layers-2.svg","16|20|24|32|48","16","018121117dea046bd0ca4148cada136955816bc42779988aa47a9f7c241b4b25"
"UUI-0719","layers-plus","工程レイヤー追加","Layers Plus","business-workflow","業務フロー","「工程レイヤー追加」を表す汎用UIアイコン。業務フローに関する操作または状態表示に使用する。","color/business-workflow/layers-plus.svg","monochrome/business-workflow/layers-plus.svg","16|20|24|32|48","16","85fb9d5d5b544099a0d96712815d95ec7d0a3e7efd9ffd284bac11ff0fd77e3f"
"UUI-0720","copy-plus","工程複製追加","Copy Plus","business-workflow","業務フロー","「工程複製追加」を表す汎用UIアイコン。業務フローに関する操作または状態表示に使用する。","color/business-workflow/copy-plus.svg","monochrome/business-workflow/copy-plus.svg","16|20|24|32|48","16","d438565aceed360fbab561573f80d518987f459be0982d9d125062f4a8da26d2"
"UUI-0721","copy-minus","工程複製削除","Copy Minus","business-workflow","業務フロー","「工程複製削除」を表す汎用UIアイコン。業務フローに関する操作または状態表示に使用する。","color/business-workflow/copy-minus.svg","monochrome/business-workflow/copy-minus.svg","16|20|24|32|48","16","6ab4881add9f188a783b5822b5cf127d031eafcb4de104762ee000d899eb0803"
"UUI-0722","copy-slash","複製禁止","Copy Slash","business-workflow","業務フロー","「複製禁止」を表す汎用UIアイコン。業務フローに関する操作または状態表示に使用する。","color/business-workflow/copy-slash.svg","monochrome/business-workflow/copy-slash.svg","16|20|24|32|48","16","e06c6318d8c2b006fb42b8f1bb901b7b93a72d1e7ae51c71b1eed47a47d4a912"
"UUI-0723","redo-dot","次工程へ進む","Redo Dot","business-workflow","業務フロー","「次工程へ進む」を表す汎用UIアイコン。業務フローに関する操作または状態表示に使用する。","color/business-workflow/redo-dot.svg","monochrome/business-workflow/redo-dot.svg","16|20|24|32|48","16","1f9c5d7d37b510478b1d2d9fa309ac27d932555a8c76d67560465dc52decffd3"
"UUI-0724","undo-dot","前工程へ戻る","Undo Dot","business-workflow","業務フロー","「前工程へ戻る」を表す汎用UIアイコン。業務フローに関する操作または状態表示に使用する。","color/business-workflow/undo-dot.svg","monochrome/business-workflow/undo-dot.svg","16|20|24|32|48","16","339afed83f7083ea7c91d8c386353d260bd3b49760bd0ed62a216241f0cfcc58"
"UUI-0725","refresh-ccw-dot","起点から再実行","Refresh Ccw Dot","business-workflow","業務フロー","「起点から再実行」を表す汎用UIアイコン。業務フローに関する操作または状態表示に使用する。","color/business-workflow/refresh-ccw-dot.svg","monochrome/business-workflow/refresh-ccw-dot.svg","16|20|24|32|48","16","3e0aa2526f92cab3bd8c9e7cc0b95eb45636693d3cb1df525b30552e49bdc58c"
"UUI-0726","refresh-cw-off","自動更新停止","Refresh Cw Off","business-workflow","業務フロー","「自動更新停止」を表す汎用UIアイコン。業務フローに関する操作または状態表示に使用する。","color/business-workflow/refresh-cw-off.svg","monochrome/business-workflow/refresh-cw-off.svg","16|20|24|32|48","16","e57956bd5ef3b081c1965a3f167ec03060195da6fd73bf23be3553cd17647a0d"
"UUI-0727","step-back","一工程戻る","Step Back","business-workflow","業務フロー","「一工程戻る」を表す汎用UIアイコン。業務フローに関する操作または状態表示に使用する。","color/business-workflow/step-back.svg","monochrome/business-workflow/step-back.svg","16|20|24|32|48","16","5ddb4e9e31c4dd0c8e2ebeac53c48b185a81f73050de1bae63891a2970e6529a"
"UUI-0728","step-forward","一工程進む","Step Forward","business-workflow","業務フロー","「一工程進む」を表す汎用UIアイコン。業務フローに関する操作または状態表示に使用する。","color/business-workflow/step-forward.svg","monochrome/business-workflow/step-forward.svg","16|20|24|32|48","16","bc0024942b9fbdfb45cc75e6ddb8514bd6725238f7411eee2fdcc154c0c0388c"
"UUI-0729","file-archive","圧縮ファイル","File Archive","office-documents","業務文書","「圧縮ファイル」を表す汎用UIアイコン。業務文書に関する操作または状態表示に使用する。","color/office-documents/file-archive.svg","monochrome/office-documents/file-archive.svg","16|20|24|32|48","16","45f620554ff41326645a783237de0a69d8f00d243fd1745012a47062ab897ee1"
"UUI-0730","file-box","梱包済みファイル","File Box","office-documents","業務文書","「梱包済みファイル」を表す汎用UIアイコン。業務文書に関する操作または状態表示に使用する。","color/office-documents/file-box.svg","monochrome/office-documents/file-box.svg","16|20|24|32|48","16","66088ea26c0acbb0193451cb22f41ce423f6fb1bc193a91cf85d784871d4f2ef"
"UUI-0731","file-clock","期限付きファイル","File Clock","office-documents","業務文書","「期限付きファイル」を表す汎用UIアイコン。業務文書に関する操作または状態表示に使用する。","color/office-documents/file-clock.svg","monochrome/office-documents/file-clock.svg","16|20|24|32|48","16","ff77c75e289271e1361dd863c9f22a1e180b11fdbeaf1810b7df40863240079e"
"UUI-0732","file-cog","設定ファイル","File Cog","office-documents","業務文書","「設定ファイル」を表す汎用UIアイコン。業務文書に関する操作または状態表示に使用する。","color/office-documents/file-cog.svg","monochrome/office-documents/file-cog.svg","16|20|24|32|48","16","63d31336ba336a2781d968807d91e5b0e6aaf2321e778ffa9e051f2e88460d1e"
"UUI-0733","file-headphone","音声資料","File Headphone","office-documents","業務文書","「音声資料」を表す汎用UIアイコン。業務文書に関する操作または状態表示に使用する。","color/office-documents/file-headphone.svg","monochrome/office-documents/file-headphone.svg","16|20|24|32|48","16","202a5d063bf7e94078ca2464467108f8a0192b67880d4fbb4a99f2a36c0a79bb"
"UUI-0734","file-image","画像資料","File Image","office-documents","業務文書","「画像資料」を表す汎用UIアイコン。業務文書に関する操作または状態表示に使用する。","color/office-documents/file-image.svg","monochrome/office-documents/file-image.svg","16|20|24|32|48","16","926a19256fff73b28a5a551adbadc636af214dd735a20cc28ef7d8e67e3c2a7d"
"UUI-0735","file-music","音楽資料","File Music","office-documents","業務文書","「音楽資料」を表す汎用UIアイコン。業務文書に関する操作または状態表示に使用する。","color/office-documents/file-music.svg","monochrome/office-documents/file-music.svg","16|20|24|32|48","16","c616c6769e2e2775e292661efe87a7886d6a95fedea5c95f784490b4c875d5e2"
"UUI-0736","file-pen","編集可能ファイル","File Pen","office-documents","業務文書","「編集可能ファイル」を表す汎用UIアイコン。業務文書に関する操作または状態表示に使用する。","color/office-documents/file-pen.svg","monochrome/office-documents/file-pen.svg","16|20|24|32|48","16","2b3669201cca5a2fa79557aed642506aa7f84831064607f368f2ba3747634aa3"
"UUI-0737","file-pen-line","文書修正","File Pen Line","office-documents","業務文書","「文書修正」を表す汎用UIアイコン。業務文書に関する操作または状態表示に使用する。","color/office-documents/file-pen-line.svg","monochrome/office-documents/file-pen-line.svg","16|20|24|32|48","16","464566577b98f28491479c7732bd8bfaacf930ce01ecaa6fc9373f9caf9695aa"
"UUI-0738","file-play","再生ファイル","File Play","office-documents","業務文書","「再生ファイル」を表す汎用UIアイコン。業務文書に関する操作または状態表示に使用する。","color/office-documents/file-play.svg","monochrome/office-documents/file-play.svg","16|20|24|32|48","16","b36a49fc358390381f82b7a3c4d1256d5a820c8e3544495acd780ca3a782bd12"
"UUI-0739","file-question-mark","不明なファイル","File Question Mark","office-documents","業務文書","「不明なファイル」を表す汎用UIアイコン。業務文書に関する操作または状態表示に使用する。","color/office-documents/file-question-mark.svg","monochrome/office-documents/file-question-mark.svg","16|20|24|32|48","16","310f3e5478542cde443498778e9791889b04e50d590563abb7f380c4184ccd67"
"UUI-0740","file-signal","通信ファイル","File Signal","office-documents","業務文書","「通信ファイル」を表す汎用UIアイコン。業務文書に関する操作または状態表示に使用する。","color/office-documents/file-signal.svg","monochrome/office-documents/file-signal.svg","16|20|24|32|48","16","e81130649f346f03aaea4182db05cd7415eaf1c55f53649400ec48c0e47024ad"
"UUI-0741","file-sliders","調整ファイル","File Sliders","office-documents","業務文書","「調整ファイル」を表す汎用UIアイコン。業務文書に関する操作または状態表示に使用する。","color/office-documents/file-sliders.svg","monochrome/office-documents/file-sliders.svg","16|20|24|32|48","16","f4ac95f941ef89aa11965c1336de5513838199dddbc136b8061baf92ee998390"
"UUI-0742","file-stack","ファイル束","File Stack","office-documents","業務文書","「ファイル束」を表す汎用UIアイコン。業務文書に関する操作または状態表示に使用する。","color/office-documents/file-stack.svg","monochrome/office-documents/file-stack.svg","16|20|24|32|48","16","644862e330e8546b2cef671a8a0e09c30fb0f645add7a3903fb7f7419bbcaff7"
"UUI-0743","file-user","個人ファイル","File User","office-documents","業務文書","「個人ファイル」を表す汎用UIアイコン。業務文書に関する操作または状態表示に使用する。","color/office-documents/file-user.svg","monochrome/office-documents/file-user.svg","16|20|24|32|48","16","1d20e8e79fe30d51da663678d086d3c32bc9c266328ddce05ab81ceabf321561"
"UUI-0744","file-video-camera","映像資料","File Video Camera","office-documents","業務文書","「映像資料」を表す汎用UIアイコン。業務文書に関する操作または状態表示に使用する。","color/office-documents/file-video-camera.svg","monochrome/office-documents/file-video-camera.svg","16|20|24|32|48","16","382c2d6ace01c77d3adf9b2ec0d84cf6368b444ee83663de061678662fd26d9f"
"UUI-0745","file-volume","音声ファイル","File Volume","office-documents","業務文書","「音声ファイル」を表す汎用UIアイコン。業務文書に関する操作または状態表示に使用する。","color/office-documents/file-volume.svg","monochrome/office-documents/file-volume.svg","16|20|24|32|48","16","6b7a2b6618c767691660f83aef404941af5d75365416700b2e147b520b5857eb"
"UUI-0746","folder-archive","保管フォルダー","Folder Archive","office-documents","業務文書","「保管フォルダー」を表す汎用UIアイコン。業務文書に関する操作または状態表示に使用する。","color/office-documents/folder-archive.svg","monochrome/office-documents/folder-archive.svg","16|20|24|32|48","16","3986e03827f5de79bdb32fea131e6a1158df6e87437090caf2c0f13b84ca419a"
"UUI-0747","folder-closed","閉じたフォルダー","Folder Closed","office-documents","業務文書","「閉じたフォルダー」を表す汎用UIアイコン。業務文書に関する操作または状態表示に使用する。","color/office-documents/folder-closed.svg","monochrome/office-documents/folder-closed.svg","16|20|24|32|48","16","bba05c55ca3f3f6cb46dd41632435e7ab047ee7135902059a156ffecc6d9f89c"
"UUI-0748","folder-dot","作業中フォルダー","Folder Dot","office-documents","業務文書","「作業中フォルダー」を表す汎用UIアイコン。業務文書に関する操作または状態表示に使用する。","color/office-documents/folder-dot.svg","monochrome/office-documents/folder-dot.svg","16|20|24|32|48","16","8f32922e52f1cbb5f6e349fa994aa38ea9e1db53c63eddb15306bc169725770e"
"UUI-0749","folder-open-dot","開いている作業フォルダー","Folder Open Dot","office-documents","業務文書","「開いている作業フォルダー」を表す汎用UIアイコン。業務文書に関する操作または状態表示に使用する。","color/office-documents/folder-open-dot.svg","monochrome/office-documents/folder-open-dot.svg","16|20|24|32|48","16","2da58e2be919adc2afa031e6d66a3ed1cf33d4f202a489f36b05bda5d935e86c"
"UUI-0750","folder-pen","編集フォルダー","Folder Pen","office-documents","業務文書","「編集フォルダー」を表す汎用UIアイコン。業務文書に関する操作または状態表示に使用する。","color/office-documents/folder-pen.svg","monochrome/office-documents/folder-pen.svg","16|20|24|32|48","16","36cd11a51a723526ac2adc071f642ebb04aad0f06cf192ccbe087462af1bbc16"
"UUI-0751","folder-root","ルートフォルダー","Folder Root","office-documents","業務文書","「ルートフォルダー」を表す汎用UIアイコン。業務文書に関する操作または状態表示に使用する。","color/office-documents/folder-root.svg","monochrome/office-documents/folder-root.svg","16|20|24|32|48","16","74c3f6dc464043d6415dbf199fc02ee1302b45c6da2024f325b88ef9ebc02742"
"UUI-0752","folders","複数フォルダー","Folders","office-documents","業務文書","「複数フォルダー」を表す汎用UIアイコン。業務文書に関する操作または状態表示に使用する。","color/office-documents/folders.svg","monochrome/office-documents/folders.svg","16|20|24|32|48","16","496a27b653ff1530300460012e4003a39d05daf0fef85f218ecce2ed04f30198"
"UUI-0753","notebook-pen","業務ノート","Notebook Pen","office-documents","業務文書","「業務ノート」を表す汎用UIアイコン。業務文書に関する操作または状態表示に使用する。","color/office-documents/notebook-pen.svg","monochrome/office-documents/notebook-pen.svg","16|20|24|32|48","16","97113d82e2ab8eb2929d2aa31b60ddedb6dd04ec2cda9472baf6513fff10a3a2"
"UUI-0754","badge-cent","セント通貨","Badge Cent","finance-accounting","財務と会計","「セント通貨」を表す汎用UIアイコン。財務と会計に関する操作または状態表示に使用する。","color/finance-accounting/badge-cent.svg","monochrome/finance-accounting/badge-cent.svg","16|20|24|32|48","16","305a590af487b0032d4b7b1e36fa23c5cdac5bb7a2a0113057bd42588a38e5bd"
"UUI-0755","badge-dollar-sign","ドル金額","Badge Dollar Sign","finance-accounting","財務と会計","「ドル金額」を表す汎用UIアイコン。財務と会計に関する操作または状態表示に使用する。","color/finance-accounting/badge-dollar-sign.svg","monochrome/finance-accounting/badge-dollar-sign.svg","16|20|24|32|48","16","00ffe55753af98a14f8b4689c0d910e6aee53c62f8208734296360908eee33be"
"UUI-0756","badge-euro","ユーロ金額","Badge Euro","finance-accounting","財務と会計","「ユーロ金額」を表す汎用UIアイコン。財務と会計に関する操作または状態表示に使用する。","color/finance-accounting/badge-euro.svg","monochrome/finance-accounting/badge-euro.svg","16|20|24|32|48","16","a089e010ddcb66f58efdddc6a80d9d233c52c7c4ec2c2eddbc66983007c6aca5"
"UUI-0757","badge-japanese-yen","円金額","Badge Japanese Yen","finance-accounting","財務と会計","「円金額」を表す汎用UIアイコン。財務と会計に関する操作または状態表示に使用する。","color/finance-accounting/badge-japanese-yen.svg","monochrome/finance-accounting/badge-japanese-yen.svg","16|20|24|32|48","16","8202836ed041993c52f682eafd3fdc3a96be12c698a68d0444cc349b0fbd5691"
"UUI-0758","badge-pound-sterling","ポンド金額","Badge Pound Sterling","finance-accounting","財務と会計","「ポンド金額」を表す汎用UIアイコン。財務と会計に関する操作または状態表示に使用する。","color/finance-accounting/badge-pound-sterling.svg","monochrome/finance-accounting/badge-pound-sterling.svg","16|20|24|32|48","16","910d5f44f98ffcaf6d395531971f4621c87f13c912c059908e85b7eef9d910d6"
"UUI-0759","banknote-arrow-down","入金","Banknote Arrow Down","finance-accounting","財務と会計","「入金」を表す汎用UIアイコン。財務と会計に関する操作または状態表示に使用する。","color/finance-accounting/banknote-arrow-down.svg","monochrome/finance-accounting/banknote-arrow-down.svg","16|20|24|32|48","16","eb65e13e668873e5f1f22eab39d483288cd6c71b3e725260433ed983a8890bfe"
"UUI-0760","banknote-arrow-up","出金","Banknote Arrow Up","finance-accounting","財務と会計","「出金」を表す汎用UIアイコン。財務と会計に関する操作または状態表示に使用する。","color/finance-accounting/banknote-arrow-up.svg","monochrome/finance-accounting/banknote-arrow-up.svg","16|20|24|32|48","16","6d79e234803079e7582bcca37648c277266c5a92f583db9514f05f8169a15bce"
"UUI-0761","banknote-x","支払取消","Banknote X","finance-accounting","財務と会計","「支払取消」を表す汎用UIアイコン。財務と会計に関する操作または状態表示に使用する。","color/finance-accounting/banknote-x.svg","monochrome/finance-accounting/banknote-x.svg","16|20|24|32|48","16","4ee7eca793e517cf36c14fe5cfe73d54d37ff5ec177f02e7724de64050dc2b88"
"UUI-0762","circle-percent","割合","Circle Percent","finance-accounting","財務と会計","「割合」を表す汎用UIアイコン。財務と会計に関する操作または状態表示に使用する。","color/finance-accounting/circle-percent.svg","monochrome/finance-accounting/circle-percent.svg","16|20|24|32|48","16","97e9809d4167b2774e216b772a3a9bab90ce582df840b1f84afbb649b7e0f555"
"UUI-0763","diamond-percent","特別割引率","Diamond Percent","finance-accounting","財務と会計","「特別割引率」を表す汎用UIアイコン。財務と会計に関する操作または状態表示に使用する。","color/finance-accounting/diamond-percent.svg","monochrome/finance-accounting/diamond-percent.svg","16|20|24|32|48","16","420627481df072811f68d615b27fd59f984733153a0bb5e8746be7621bdf8444"
"UUI-0764","square-percent","税率","Square Percent","finance-accounting","財務と会計","「税率」を表す汎用UIアイコン。財務と会計に関する操作または状態表示に使用する。","color/finance-accounting/square-percent.svg","monochrome/finance-accounting/square-percent.svg","16|20|24|32|48","16","3545481170d2f0f977d5466f9aa35e0b9cfa6f344945345b91637392229d0c65"
"UUI-0765","receipt-cent","セント建て領収書","Receipt Cent","finance-accounting","財務と会計","「セント建て領収書」を表す汎用UIアイコン。財務と会計に関する操作または状態表示に使用する。","color/finance-accounting/receipt-cent.svg","monochrome/finance-accounting/receipt-cent.svg","16|20|24|32|48","16","ca87f3db39ec4925d6ce0be5acef44f110e57966496c92a5adfa38adb848e95c"
"UUI-0766","receipt-euro","ユーロ建て領収書","Receipt Euro","finance-accounting","財務と会計","「ユーロ建て領収書」を表す汎用UIアイコン。財務と会計に関する操作または状態表示に使用する。","color/finance-accounting/receipt-euro.svg","monochrome/finance-accounting/receipt-euro.svg","16|20|24|32|48","16","c9bc9b1f593f147d2d000d3178ae04c70d45cb6239093806599c73b9907bb4be"
"UUI-0767","receipt-indian-rupee","ルピー建て領収書","Receipt Indian Rupee","finance-accounting","財務と会計","「ルピー建て領収書」を表す汎用UIアイコン。財務と会計に関する操作または状態表示に使用する。","color/finance-accounting/receipt-indian-rupee.svg","monochrome/finance-accounting/receipt-indian-rupee.svg","16|20|24|32|48","16","014944956793a65b2276865613346f2408f5b84baf57917b1e7341c281a654d5"
"UUI-0768","receipt-japanese-yen","円建て領収書","Receipt Japanese Yen","finance-accounting","財務と会計","「円建て領収書」を表す汎用UIアイコン。財務と会計に関する操作または状態表示に使用する。","color/finance-accounting/receipt-japanese-yen.svg","monochrome/finance-accounting/receipt-japanese-yen.svg","16|20|24|32|48","16","6736a526ec3c835a5954582a1517c998dd229325f2bcdb9938776335a39447aa"
"UUI-0769","receipt-pound-sterling","ポンド建て領収書","Receipt Pound Sterling","finance-accounting","財務と会計","「ポンド建て領収書」を表す汎用UIアイコン。財務と会計に関する操作または状態表示に使用する。","color/finance-accounting/receipt-pound-sterling.svg","monochrome/finance-accounting/receipt-pound-sterling.svg","16|20|24|32|48","16","f777fcb608b0e4b964d1594e89312493691c23da121245e8986e049d432f1334"
"UUI-0770","hand-coins","現金受渡し","Hand Coins","finance-accounting","財務と会計","「現金受渡し」を表す汎用UIアイコン。財務と会計に関する操作または状態表示に使用する。","color/finance-accounting/hand-coins.svg","monochrome/finance-accounting/hand-coins.svg","16|20|24|32|48","16","2545e8da5f051552c3186612caffa7d49a2f296de4316d4b4a3b58baa64fd57c"
"UUI-0771","wallet-cards","カード財布","Wallet Cards","finance-accounting","財務と会計","「カード財布」を表す汎用UIアイコン。財務と会計に関する操作または状態表示に使用する。","color/finance-accounting/wallet-cards.svg","monochrome/finance-accounting/wallet-cards.svg","16|20|24|32|48","16","d04b1c5f9e8809259d8213a7e14cc4459e79f8214e104f833e6e664135f6c2a2"
"UUI-0772","wallet-minimal","簡易財布","Wallet Minimal","finance-accounting","財務と会計","「簡易財布」を表す汎用UIアイコン。財務と会計に関する操作または状態表示に使用する。","color/finance-accounting/wallet-minimal.svg","monochrome/finance-accounting/wallet-minimal.svg","16|20|24|32|48","16","cd98f43535f231a9b86f58dfb43d6377cbf2ff50cdf63c5464e1d0e6d32c3eb2"
"UUI-0773","ticket-percent","割引券","Ticket Percent","finance-accounting","財務と会計","「割引券」を表す汎用UIアイコン。財務と会計に関する操作または状態表示に使用する。","color/finance-accounting/ticket-percent.svg","monochrome/finance-accounting/ticket-percent.svg","16|20|24|32|48","16","c77f48c64b30c1cf2aad8aead2aba1ece34bce379ba3840ce71a6fe1c1bfcb2d"
"UUI-0774","badge-indian-rupee","ルピー金額","Badge Indian Rupee","finance-accounting","財務と会計","「ルピー金額」を表す汎用UIアイコン。財務と会計に関する操作または状態表示に使用する。","color/finance-accounting/badge-indian-rupee.svg","monochrome/finance-accounting/badge-indian-rupee.svg","16|20|24|32|48","16","77f1fd9675251560918bc709448ec832f8a671e99b64def54ee404c80dc12f83"
"UUI-0775","circle-pound-sterling","ポンド","Circle Pound Sterling","finance-accounting","財務と会計","「ポンド」を表す汎用UIアイコン。財務と会計に関する操作または状態表示に使用する。","color/finance-accounting/circle-pound-sterling.svg","monochrome/finance-accounting/circle-pound-sterling.svg","16|20|24|32|48","16","12ff85fc790d61c3dd37c1ffc26fd5cfce9fa7b508f680bc433e80a373e39db1"
"UUI-0776","badge-swiss-franc","スイスフラン","Badge Swiss Franc","finance-accounting","財務と会計","「スイスフラン」を表す汎用UIアイコン。財務と会計に関する操作または状態表示に使用する。","color/finance-accounting/badge-swiss-franc.svg","monochrome/finance-accounting/badge-swiss-franc.svg","16|20|24|32|48","16","1440550c2e132269782fc3ee5952c81ae14bb5ed1074aa81962c6f55045d98f0"
"UUI-0777","badge-turkish-lira","トルコリラ","Badge Turkish Lira","finance-accounting","財務と会計","「トルコリラ」を表す汎用UIアイコン。財務と会計に関する操作または状態表示に使用する。","color/finance-accounting/badge-turkish-lira.svg","monochrome/finance-accounting/badge-turkish-lira.svg","16|20|24|32|48","16","9190f4b34153b9f31a160c184de64fed87072ed50728aae39054b045e2d369b9"
"UUI-0778","percent","パーセント","Percent","finance-accounting","財務と会計","「パーセント」を表す汎用UIアイコン。財務と会計に関する操作または状態表示に使用する。","color/finance-accounting/percent.svg","monochrome/finance-accounting/percent.svg","16|20|24|32|48","16","d5812a10691da085571b282d11a567e8614e8c20b70c4c5e50ff60413ede2134"
"UUI-0779","handshake","商談成立","Handshake","sales-crm","営業と顧客管理","「商談成立」を表す汎用UIアイコン。営業と顧客管理に関する操作または状態表示に使用する。","color/sales-crm/handshake.svg","monochrome/sales-crm/handshake.svg","16|20|24|32|48","16","5bb3b19d31bfad523d24d56dde938d64611d31f96da64877e1cdace67f644552"
"UUI-0780","briefcase-business","法人営業","Briefcase Business","sales-crm","営業と顧客管理","「法人営業」を表す汎用UIアイコン。営業と顧客管理に関する操作または状態表示に使用する。","color/sales-crm/briefcase-business.svg","monochrome/sales-crm/briefcase-business.svg","16|20|24|32|48","16","3d06327946ffa45bf0151a73402103952471545a7080583aa20ef5f6dc7e4981"
"UUI-0781","briefcase","営業案件","Briefcase","sales-crm","営業と顧客管理","「営業案件」を表す汎用UIアイコン。営業と顧客管理に関する操作または状態表示に使用する。","color/sales-crm/briefcase.svg","monochrome/sales-crm/briefcase.svg","16|20|24|32|48","16","c6d43a6b3d1615722ff1076cf42238d1d6f8d8d95fd506b8686acca90182c532"
"UUI-0782","user-star","重要顧客","User Star","sales-crm","営業と顧客管理","「重要顧客」を表す汎用UIアイコン。営業と顧客管理に関する操作または状態表示に使用する。","color/sales-crm/user-star.svg","monochrome/sales-crm/user-star.svg","16|20|24|32|48","16","c3735fc99c16bba217fc61d85220789909b57aa9e12daff7a590279f663d3553"
"UUI-0783","book-user","顧客台帳","Book User","sales-crm","営業と顧客管理","「顧客台帳」を表す汎用UIアイコン。営業と顧客管理に関する操作または状態表示に使用する。","color/sales-crm/book-user.svg","monochrome/sales-crm/book-user.svg","16|20|24|32|48","16","e644d3cfd0f1c0dad4d459e3e46dc8da6ae1e7796292a230042e05ec5558de61"
"UUI-0784","square-user","顧客カード","Square User","sales-crm","営業と顧客管理","「顧客カード」を表す汎用UIアイコン。営業と顧客管理に関する操作または状態表示に使用する。","color/sales-crm/square-user.svg","monochrome/sales-crm/square-user.svg","16|20|24|32|48","16","88645c76d0cf6cffcb1c258177bc4722c2906e22601e51495b6887246225a1e1"
"UUI-0785","circle-user-round","顧客プロフィール","Circle User Round","sales-crm","営業と顧客管理","「顧客プロフィール」を表す汎用UIアイコン。営業と顧客管理に関する操作または状態表示に使用する。","color/sales-crm/circle-user-round.svg","monochrome/sales-crm/circle-user-round.svg","16|20|24|32|48","16","d5d339c43d3384d5878875ae16741a87fb7ba3b3bd40b309a15bcae0dd1dd347"
"UUI-0786","gift","特典","Gift","sales-crm","営業と顧客管理","「特典」を表す汎用UIアイコン。営業と顧客管理に関する操作または状態表示に使用する。","color/sales-crm/gift.svg","monochrome/sales-crm/gift.svg","16|20|24|32|48","16","4df5abc107a32b20694276178af205e6f64091eb450b30109118d4c12be2a15d"
"UUI-0787","gem","優良顧客","Gem","sales-crm","営業と顧客管理","「優良顧客」を表す汎用UIアイコン。営業と顧客管理に関する操作または状態表示に使用する。","color/sales-crm/gem.svg","monochrome/sales-crm/gem.svg","16|20|24|32|48","16","efb25cea39242764fe827f3e70957d2e2ae6efccacf12ffd03fdd6d4e3c2a5ef"
"UUI-0788","crown","最上位顧客","Crown","sales-crm","営業と顧客管理","「最上位顧客」を表す汎用UIアイコン。営業と顧客管理に関する操作または状態表示に使用する。","color/sales-crm/crown.svg","monochrome/sales-crm/crown.svg","16|20|24|32|48","16","aa720035a0365c073ac3bb076b29dcbc3140a9a9ba6b705295aa7a535e3713b8"
"UUI-0789","medal","営業実績","Medal","sales-crm","営業と顧客管理","「営業実績」を表す汎用UIアイコン。営業と顧客管理に関する操作または状態表示に使用する。","color/sales-crm/medal.svg","monochrome/sales-crm/medal.svg","16|20|24|32|48","16","22fbe5e1d7529f2c46a41f98e16084194ed4ffeae71f53c77ec33e8200b7c9bb"
"UUI-0790","ticket","営業チケット","Ticket","sales-crm","営業と顧客管理","「営業チケット」を表す汎用UIアイコン。営業と顧客管理に関する操作または状態表示に使用する。","color/sales-crm/ticket.svg","monochrome/sales-crm/ticket.svg","16|20|24|32|48","16","0e7c93c6c724d89d3517658c4b1763d5c1158db7152cfacad6826340903b66db"
"UUI-0791","ticket-check","確定チケット","Ticket Check","sales-crm","営業と顧客管理","「確定チケット」を表す汎用UIアイコン。営業と顧客管理に関する操作または状態表示に使用する。","color/sales-crm/ticket-check.svg","monochrome/sales-crm/ticket-check.svg","16|20|24|32|48","16","4198b9a48da7fbcbecdfcc8b9c1900737f5038c68f0ee69d398a7c38c08896f6"
"UUI-0792","ticket-plus","チケット追加","Ticket Plus","sales-crm","営業と顧客管理","「チケット追加」を表す汎用UIアイコン。営業と顧客管理に関する操作または状態表示に使用する。","color/sales-crm/ticket-plus.svg","monochrome/sales-crm/ticket-plus.svg","16|20|24|32|48","16","5558314c2d7c2a57fd0c4fe2826b128886f00a0484a46a63c8d5b197427ebe71"
"UUI-0793","ticket-minus","チケット削除","Ticket Minus","sales-crm","営業と顧客管理","「チケット削除」を表す汎用UIアイコン。営業と顧客管理に関する操作または状態表示に使用する。","color/sales-crm/ticket-minus.svg","monochrome/sales-crm/ticket-minus.svg","16|20|24|32|48","16","8b79c8a8a7bf1d517d80db3b4b0abb272fd4700237d29781d3df3e0a24f49340"
"UUI-0794","ticket-x","チケット取消","Ticket X","sales-crm","営業と顧客管理","「チケット取消」を表す汎用UIアイコン。営業と顧客管理に関する操作または状態表示に使用する。","color/sales-crm/ticket-x.svg","monochrome/sales-crm/ticket-x.svg","16|20|24|32|48","16","c42af59e4d57bc21d55c0a279078d4dd6a5a644e95f943683f872cb147d95eb0"
"UUI-0795","tickets","複数チケット","Tickets","sales-crm","営業と顧客管理","「複数チケット」を表す汎用UIアイコン。営業と顧客管理に関する操作または状態表示に使用する。","color/sales-crm/tickets.svg","monochrome/sales-crm/tickets.svg","16|20|24|32|48","16","b5a3ad8d123575c7a5372c1b621c2d3115d648b0cabc48472a76fba234311c0f"
"UUI-0796","mail-plus","営業メール追加","Mail Plus","sales-crm","営業と顧客管理","「営業メール追加」を表す汎用UIアイコン。営業と顧客管理に関する操作または状態表示に使用する。","color/sales-crm/mail-plus.svg","monochrome/sales-crm/mail-plus.svg","16|20|24|32|48","16","78c9d6d02e14af809453d891a8acc193e4349cadb3666d53421887bbf58e5156"
"UUI-0797","mail-check","メール確認済み","Mail Check","sales-crm","営業と顧客管理","「メール確認済み」を表す汎用UIアイコン。営業と顧客管理に関する操作または状態表示に使用する。","color/sales-crm/mail-check.svg","monochrome/sales-crm/mail-check.svg","16|20|24|32|48","16","6771b0655cab7634befa7098f7383f7f69d2d1e42eec2b88e18e2679a6be5d97"
"UUI-0798","mail-warning","要確認メール","Mail Warning","sales-crm","営業と顧客管理","「要確認メール」を表す汎用UIアイコン。営業と顧客管理に関する操作または状態表示に使用する。","color/sales-crm/mail-warning.svg","monochrome/sales-crm/mail-warning.svg","16|20|24|32|48","16","817a0b24d43231fb2b8fb3e6491e404f3c2431909e4d9dac49c1f4906cede9e7"
"UUI-0799","message-circle-plus","顧客会話追加","Message Circle Plus","sales-crm","営業と顧客管理","「顧客会話追加」を表す汎用UIアイコン。営業と顧客管理に関する操作または状態表示に使用する。","color/sales-crm/message-circle-plus.svg","monochrome/sales-crm/message-circle-plus.svg","16|20|24|32|48","16","1eaa4216f944953dba49e093e715b64ba773adfd5523c581a7e6ab4ad1e1248f"
"UUI-0800","message-circle-heart","顧客好意","Message Circle Heart","sales-crm","営業と顧客管理","「顧客好意」を表す汎用UIアイコン。営業と顧客管理に関する操作または状態表示に使用する。","color/sales-crm/message-circle-heart.svg","monochrome/sales-crm/message-circle-heart.svg","16|20|24|32|48","16","c97c49fe42ba8a79b7fdaffff85caa084e728a679210b4269517c1200857ed0a"
"UUI-0801","message-square-plus","商談メモ追加","Message Square Plus","sales-crm","営業と顧客管理","「商談メモ追加」を表す汎用UIアイコン。営業と顧客管理に関する操作または状態表示に使用する。","color/sales-crm/message-square-plus.svg","monochrome/sales-crm/message-square-plus.svg","16|20|24|32|48","16","fb0e2a8e7bd730f807a1633921eaca6104653b3abbd4cb8144626a337a22100d"
"UUI-0802","chart-bar-increasing","売上増加","Chart Bar Increasing","sales-crm","営業と顧客管理","「売上増加」を表す汎用UIアイコン。営業と顧客管理に関する操作または状態表示に使用する。","color/sales-crm/chart-bar-increasing.svg","monochrome/sales-crm/chart-bar-increasing.svg","16|20|24|32|48","16","a931a5499a9c92b36ec0f1431844e70b1462eaa281e011eb954c84a08a13e742"
"UUI-0803","trending-up-down","売上変動","Trending Up Down","sales-crm","営業と顧客管理","「売上変動」を表す汎用UIアイコン。営業と顧客管理に関する操作または状態表示に使用する。","color/sales-crm/trending-up-down.svg","monochrome/sales-crm/trending-up-down.svg","16|20|24|32|48","16","e4574f6e4a772444400796fae83f8844fae8ccd96023c22d2ebb1c74878378e3"
"UUI-0804","life-buoy","サポート窓口","Life Buoy","customer-support","顧客サポート","「サポート窓口」を表す汎用UIアイコン。顧客サポートに関する操作または状態表示に使用する。","color/customer-support/life-buoy.svg","monochrome/customer-support/life-buoy.svg","16|20|24|32|48","16","2b0465a6d4386e9210258376e7b444cbbc91c2adf972736b319445cf70c5be43"
"UUI-0805","bot-message-square","自動応答","Bot Message Square","customer-support","顧客サポート","「自動応答」を表す汎用UIアイコン。顧客サポートに関する操作または状態表示に使用する。","color/customer-support/bot-message-square.svg","monochrome/customer-support/bot-message-square.svg","16|20|24|32|48","16","dfa8736cb9d433b939a969bd32944c3ad25d8ca2af16f47741be002c0f930d12"
"UUI-0806","message-circle-question-mark","問い合わせ","Message Circle Question Mark","customer-support","顧客サポート","「問い合わせ」を表す汎用UIアイコン。顧客サポートに関する操作または状態表示に使用する。","color/customer-support/message-circle-question-mark.svg","monochrome/customer-support/message-circle-question-mark.svg","16|20|24|32|48","16","0b80a468278a247b96d71c9fe0bb7712189ac7bbcf4f59dcb29f07946a50d04e"
"UUI-0807","message-circle-warning","注意が必要な会話","Message Circle Warning","customer-support","顧客サポート","「注意が必要な会話」を表す汎用UIアイコン。顧客サポートに関する操作または状態表示に使用する。","color/customer-support/message-circle-warning.svg","monochrome/customer-support/message-circle-warning.svg","16|20|24|32|48","16","70e38ac189cfadefe9779c46ed94e230d6fc9630df741ff97fa08f28d6441b54"
"UUI-0808","message-circle-check","解決済み会話","Message Circle Check","customer-support","顧客サポート","「解決済み会話」を表す汎用UIアイコン。顧客サポートに関する操作または状態表示に使用する。","color/customer-support/message-circle-check.svg","monochrome/customer-support/message-circle-check.svg","16|20|24|32|48","16","da77003ded48a0db7eb587e49508240cd093b10fc839b9f75e67fb5947878f8a"
"UUI-0809","message-circle-x","未解決会話","Message Circle X","customer-support","顧客サポート","「未解決会話」を表す汎用UIアイコン。顧客サポートに関する操作または状態表示に使用する。","color/customer-support/message-circle-x.svg","monochrome/customer-support/message-circle-x.svg","16|20|24|32|48","16","91a822dc4eb7bd1c86c79afedeb948180219c8b20069b69358dd2bcefe4d3a95"
"UUI-0810","message-circle-more","会話の続き","Message Circle More","customer-support","顧客サポート","「会話の続き」を表す汎用UIアイコン。顧客サポートに関する操作または状態表示に使用する。","color/customer-support/message-circle-more.svg","monochrome/customer-support/message-circle-more.svg","16|20|24|32|48","16","424242f21f858bd26090ec68982fab787231f76c4bb2a0aed4f0d70c26a0ea8b"
"UUI-0811","message-circle-reply","会話へ返信","Message Circle Reply","customer-support","顧客サポート","「会話へ返信」を表す汎用UIアイコン。顧客サポートに関する操作または状態表示に使用する。","color/customer-support/message-circle-reply.svg","monochrome/customer-support/message-circle-reply.svg","16|20|24|32|48","16","11219174991ebeea01f96e5dfe721c99b6440e3f7e4d6a0d60625e5f681a4471"
"UUI-0812","message-circle-dashed","保留中の会話","Message Circle Dashed","customer-support","顧客サポート","「保留中の会話」を表す汎用UIアイコン。顧客サポートに関する操作または状態表示に使用する。","color/customer-support/message-circle-dashed.svg","monochrome/customer-support/message-circle-dashed.svg","16|20|24|32|48","16","7800c24b9764fcf9eb962a4068e845afda98fbb55b68ab87db399b4564b03d94"
"UUI-0813","message-circle-off","会話無効","Message Circle Off","customer-support","顧客サポート","「会話無効」を表す汎用UIアイコン。顧客サポートに関する操作または状態表示に使用する。","color/customer-support/message-circle-off.svg","monochrome/customer-support/message-circle-off.svg","16|20|24|32|48","16","9254184ff5d1febf59794c16455f734071ade240b292b4b1ffd312eb0b103911"
"UUI-0814","message-square-warning","警告メッセージ","Message Square Warning","customer-support","顧客サポート","「警告メッセージ」を表す汎用UIアイコン。顧客サポートに関する操作または状態表示に使用する。","color/customer-support/message-square-warning.svg","monochrome/customer-support/message-square-warning.svg","16|20|24|32|48","16","39747d2c711baa19cf56847f77e8638f34b04c1e523b839146552ed6df1f8d5d"
"UUI-0815","message-square-check","解決済みメッセージ","Message Square Check","customer-support","顧客サポート","「解決済みメッセージ」を表す汎用UIアイコン。顧客サポートに関する操作または状態表示に使用する。","color/customer-support/message-square-check.svg","monochrome/customer-support/message-square-check.svg","16|20|24|32|48","16","52d6a9cdec23933a0f543fd7812c34bd07e19344af7717f9a27927267ca7eaa3"
"UUI-0816","message-square-x","失敗メッセージ","Message Square X","customer-support","顧客サポート","「失敗メッセージ」を表す汎用UIアイコン。顧客サポートに関する操作または状態表示に使用する。","color/customer-support/message-square-x.svg","monochrome/customer-support/message-square-x.svg","16|20|24|32|48","16","e3ea75b28742d74b00952c092f6caaccb70e6a05092a80a1b655fa56f346c910"
"UUI-0817","message-square-more","追加メッセージ","Message Square More","customer-support","顧客サポート","「追加メッセージ」を表す汎用UIアイコン。顧客サポートに関する操作または状態表示に使用する。","color/customer-support/message-square-more.svg","monochrome/customer-support/message-square-more.svg","16|20|24|32|48","16","d3e5b258f842bf4f3e8d9be37a1d772a5c2e8ea7764addf350664c4734ba87b9"
"UUI-0818","message-square-reply","メッセージ返信","Message Square Reply","customer-support","顧客サポート","「メッセージ返信」を表す汎用UIアイコン。顧客サポートに関する操作または状態表示に使用する。","color/customer-support/message-square-reply.svg","monochrome/customer-support/message-square-reply.svg","16|20|24|32|48","16","6afaacec0327ae666c1c11ca3eae77f863ca3b512cb8e1ffc5a35495a793b51f"
"UUI-0819","message-square-dashed","下書きメッセージ","Message Square Dashed","customer-support","顧客サポート","「下書きメッセージ」を表す汎用UIアイコン。顧客サポートに関する操作または状態表示に使用する。","color/customer-support/message-square-dashed.svg","monochrome/customer-support/message-square-dashed.svg","16|20|24|32|48","16","3f778fa400cf690c86106a34e0b366f5412fd502c7860ead3f69f69c535a851c"
"UUI-0820","message-square-off","メッセージ無効","Message Square Off","customer-support","顧客サポート","「メッセージ無効」を表す汎用UIアイコン。顧客サポートに関する操作または状態表示に使用する。","color/customer-support/message-square-off.svg","monochrome/customer-support/message-square-off.svg","16|20|24|32|48","16","bd763bf5466f9231d45670009c60708af3cd104c83485964fe1985aa1d94154e"
"UUI-0821","message-square-quote","引用回答","Message Square Quote","customer-support","顧客サポート","「引用回答」を表す汎用UIアイコン。顧客サポートに関する操作または状態表示に使用する。","color/customer-support/message-square-quote.svg","monochrome/customer-support/message-square-quote.svg","16|20|24|32|48","16","37dc09bf15d3cf89a023d6af8b4bdd7ca12bd09f801199640c4ce3e7d3c9c11f"
"UUI-0822","message-square-text","文章回答","Message Square Text","customer-support","顧客サポート","「文章回答」を表す汎用UIアイコン。顧客サポートに関する操作または状態表示に使用する。","color/customer-support/message-square-text.svg","monochrome/customer-support/message-square-text.svg","16|20|24|32|48","16","47e147a3eddfa87502501350c1ca464fdc2736f536951cfd23e41005096fb481"
"UUI-0823","message-square-dot","未読メッセージ","Message Square Dot","customer-support","顧客サポート","「未読メッセージ」を表す汎用UIアイコン。顧客サポートに関する操作または状態表示に使用する。","color/customer-support/message-square-dot.svg","monochrome/customer-support/message-square-dot.svg","16|20|24|32|48","16","5e60865249141cfc287d8e280d658a520f4b433b9152f6eb71b6055aa34902d7"
"UUI-0824","phone-forwarded","電話転送","Phone Forwarded","customer-support","顧客サポート","「電話転送」を表す汎用UIアイコン。顧客サポートに関する操作または状態表示に使用する。","color/customer-support/phone-forwarded.svg","monochrome/customer-support/phone-forwarded.svg","16|20|24|32|48","16","44fbf0111ad3f124567db63de35c766d4e0a471fb3b87448aca8fa3a0fc3d276"
"UUI-0825","phone-missed","不在着信","Phone Missed","customer-support","顧客サポート","「不在着信」を表す汎用UIアイコン。顧客サポートに関する操作または状態表示に使用する。","color/customer-support/phone-missed.svg","monochrome/customer-support/phone-missed.svg","16|20|24|32|48","16","f6d9aa757bd5fcea0fc7cd6a462c9e4f159b86a32c8271bf81871dc1ae2bb659"
"UUI-0826","phone-off","電話受付停止","Phone Off","customer-support","顧客サポート","「電話受付停止」を表す汎用UIアイコン。顧客サポートに関する操作または状態表示に使用する。","color/customer-support/phone-off.svg","monochrome/customer-support/phone-off.svg","16|20|24|32|48","16","2497001450a862c71e82f764bf1480d3026d1665bbe88b23e54078dc1decd337"
"UUI-0827","mail-question-mark","メール問い合わせ","Mail Question Mark","customer-support","顧客サポート","「メール問い合わせ」を表す汎用UIアイコン。顧客サポートに関する操作または状態表示に使用する。","color/customer-support/mail-question-mark.svg","monochrome/customer-support/mail-question-mark.svg","16|20|24|32|48","16","af5c4b4156d1c29110f4533e609d95880ec77feda5514444fba67a1205b6e4ad"
"UUI-0828","hand-helping","支援","Hand Helping","customer-support","顧客サポート","「支援」を表す汎用UIアイコン。顧客サポートに関する操作または状態表示に使用する。","color/customer-support/hand-helping.svg","monochrome/customer-support/hand-helping.svg","16|20|24|32|48","16","4df74278df6e182cf0aab38d4b68ec15e1ca42348f539a4da331e612ae48bf43"
"UUI-0829","user-round","従業員","User Round","hr-organization","人事・組織・研修","「従業員」を表す汎用UIアイコン。人事・組織・研修に関する操作または状態表示に使用する。","color/hr-organization/user-round.svg","monochrome/hr-organization/user-round.svg","16|20|24|32|48","16","eac4a624f27e2199141646098b6da0650f2fb25600a60f9df19f19b17a82ab8c"
"UUI-0830","user-round-check","在籍確認済み","User Round Check","hr-organization","人事・組織・研修","「在籍確認済み」を表す汎用UIアイコン。人事・組織・研修に関する操作または状態表示に使用する。","color/hr-organization/user-round-check.svg","monochrome/hr-organization/user-round-check.svg","16|20|24|32|48","16","2868de47665ec63442bc6278186031d2fb247374e2df3688ac05a47657147a06"
"UUI-0831","user-round-minus","従業員削除","User Round Minus","hr-organization","人事・組織・研修","「従業員削除」を表す汎用UIアイコン。人事・組織・研修に関する操作または状態表示に使用する。","color/hr-organization/user-round-minus.svg","monochrome/hr-organization/user-round-minus.svg","16|20|24|32|48","16","ae680ff4c5f8a7189ab3333714d10e5fe46c6fb0342a3a5fc0faf480718dbda5"
"UUI-0832","user-round-pen","従業員情報編集","User Round Pen","hr-organization","人事・組織・研修","「従業員情報編集」を表す汎用UIアイコン。人事・組織・研修に関する操作または状態表示に使用する。","color/hr-organization/user-round-pen.svg","monochrome/hr-organization/user-round-pen.svg","16|20|24|32|48","16","185ace7257f0efe58a50a72d05636a84349eb93f8d249408d3cfc5a29c8f0ad6"
"UUI-0833","user-round-plus","従業員追加","User Round Plus","hr-organization","人事・組織・研修","「従業員追加」を表す汎用UIアイコン。人事・組織・研修に関する操作または状態表示に使用する。","color/hr-organization/user-round-plus.svg","monochrome/hr-organization/user-round-plus.svg","16|20|24|32|48","16","3ee5b82117e5fb68101f875bbe83880b4d50409c9a61d271cb378bdccb644ebb"
"UUI-0834","user-round-search","従業員検索","User Round Search","hr-organization","人事・組織・研修","「従業員検索」を表す汎用UIアイコン。人事・組織・研修に関する操作または状態表示に使用する。","color/hr-organization/user-round-search.svg","monochrome/hr-organization/user-round-search.svg","16|20|24|32|48","16","f04b88bc58f7e83c971a3c081e663561b51723a6fc59444daade9ea534aa90f1"
"UUI-0835","user-round-x","退職者","User Round X","hr-organization","人事・組織・研修","「退職者」を表す汎用UIアイコン。人事・組織・研修に関する操作または状態表示に使用する。","color/hr-organization/user-round-x.svg","monochrome/hr-organization/user-round-x.svg","16|20|24|32|48","16","e487c645d41d1fe0d162bea8553991300e8fd5ef9f8faecd69e547c822c680eb"
"UUI-0836","id-card-lanyard","社員証","Id Card Lanyard","hr-organization","人事・組織・研修","「社員証」を表す汎用UIアイコン。人事・組織・研修に関する操作または状態表示に使用する。","color/hr-organization/id-card-lanyard.svg","monochrome/hr-organization/id-card-lanyard.svg","16|20|24|32|48","16","7eaef8ee3b56947b1625f0258f30529c2b52dc7033b5964cc90f78aa964fe0e6"
"UUI-0837","graduation-cap","研修","Graduation Cap","hr-organization","人事・組織・研修","「研修」を表す汎用UIアイコン。人事・組織・研修に関する操作または状態表示に使用する。","color/hr-organization/graduation-cap.svg","monochrome/hr-organization/graduation-cap.svg","16|20|24|32|48","16","4b9212fbb277b6f732b991b98759c50add19d004ada508c9ee4435daf2ce4fd9"
"UUI-0838","presentation","社内説明","Presentation","hr-organization","人事・組織・研修","「社内説明」を表す汎用UIアイコン。人事・組織・研修に関する操作または状態表示に使用する。","color/hr-organization/presentation.svg","monochrome/hr-organization/presentation.svg","16|20|24|32|48","16","fd8dd383babd09f885cd90663a36a85cc86fed839ebb7023345aaae0c40e1d63"
"UUI-0839","speech","面談","Speech","hr-organization","人事・組織・研修","「面談」を表す汎用UIアイコン。人事・組織・研修に関する操作または状態表示に使用する。","color/hr-organization/speech.svg","monochrome/hr-organization/speech.svg","16|20|24|32|48","16","4cbca6592e1daa1aa2a79ec53e3694e49b943f3094dc005445aa4f3417a4dbaa"
"UUI-0840","languages","言語対応","Languages","hr-organization","人事・組織・研修","「言語対応」を表す汎用UIアイコン。人事・組織・研修に関する操作または状態表示に使用する。","color/hr-organization/languages.svg","monochrome/hr-organization/languages.svg","16|20|24|32|48","16","03de6ada62e89c16e4c2e509ff7ac4c7d51bc1b609275d289fa0ff2fb2e3c97c"
"UUI-0841","brain-circuit","技術スキル","Brain Circuit","hr-organization","人事・組織・研修","「技術スキル」を表す汎用UIアイコン。人事・組織・研修に関する操作または状態表示に使用する。","color/hr-organization/brain-circuit.svg","monochrome/hr-organization/brain-circuit.svg","16|20|24|32|48","16","a8e0d1a87126bf06247c9192cf2b4dfca424be736438b719ca9e5f99ed49dd3e"
"UUI-0842","brain-cog","能力設定","Brain Cog","hr-organization","人事・組織・研修","「能力設定」を表す汎用UIアイコン。人事・組織・研修に関する操作または状態表示に使用する。","color/hr-organization/brain-cog.svg","monochrome/hr-organization/brain-cog.svg","16|20|24|32|48","16","d8d081027dd22437346ad5c6879729e263e5bb25ea4c1707a1e7cc8ef937a253"
"UUI-0843","hand","挙手","Hand","hr-organization","人事・組織・研修","「挙手」を表す汎用UIアイコン。人事・組織・研修に関する操作または状態表示に使用する。","color/hr-organization/hand.svg","monochrome/hr-organization/hand.svg","16|20|24|32|48","16","b03b5f6cdd6fa35958f67f2a3c6331d6d24c27b7155dee2cdd961db0e79f3a30"
"UUI-0844","hand-fist","団結","Hand Fist","hr-organization","人事・組織・研修","「団結」を表す汎用UIアイコン。人事・組織・研修に関する操作または状態表示に使用する。","color/hr-organization/hand-fist.svg","monochrome/hr-organization/hand-fist.svg","16|20|24|32|48","16","80aa212ad4eeeee25e64cda4d6f4f2777194d7cd1d47b3adcc6ba0433e9ac134"
"UUI-0845","hand-grab","人材確保","Hand Grab","hr-organization","人事・組織・研修","「人材確保」を表す汎用UIアイコン。人事・組織・研修に関する操作または状態表示に使用する。","color/hr-organization/hand-grab.svg","monochrome/hr-organization/hand-grab.svg","16|20|24|32|48","16","914f578d2ac176e2196b980d14b1986eb24dd71bb6ec8ad81a73f9dd17ff2e9a"
"UUI-0846","handbag","福利厚生","Handbag","hr-organization","人事・組織・研修","「福利厚生」を表す汎用UIアイコン。人事・組織・研修に関する操作または状態表示に使用する。","color/hr-organization/handbag.svg","monochrome/hr-organization/handbag.svg","16|20|24|32|48","16","d3413924e23539d90f49e53f569e9173f7865ef3317509b6b1c614110a391b46"
"UUI-0847","mars","男性","Mars","hr-organization","人事・組織・研修","「男性」を表す汎用UIアイコン。人事・組織・研修に関する操作または状態表示に使用する。","color/hr-organization/mars.svg","monochrome/hr-organization/mars.svg","16|20|24|32|48","16","996fd479166ec65fbd63f107298bad68b95c22dc89bbd308e70eb8e5831bacad"
"UUI-0848","mars-stroke","男性区分","Mars Stroke","hr-organization","人事・組織・研修","「男性区分」を表す汎用UIアイコン。人事・組織・研修に関する操作または状態表示に使用する。","color/hr-organization/mars-stroke.svg","monochrome/hr-organization/mars-stroke.svg","16|20|24|32|48","16","69140e710c2825389261ffec0e45105168a2b828a5c3aebf833841fe533ab698"
"UUI-0849","venus","女性","Venus","hr-organization","人事・組織・研修","「女性」を表す汎用UIアイコン。人事・組織・研修に関する操作または状態表示に使用する。","color/hr-organization/venus.svg","monochrome/hr-organization/venus.svg","16|20|24|32|48","16","5946da9723b2932515abb08c24d18b0de26888c1e2e15fe298da88d697ee5da7"
"UUI-0850","venus-and-mars","性別区分","Venus And Mars","hr-organization","人事・組織・研修","「性別区分」を表す汎用UIアイコン。人事・組織・研修に関する操作または状態表示に使用する。","color/hr-organization/venus-and-mars.svg","monochrome/hr-organization/venus-and-mars.svg","16|20|24|32|48","16","55271e53203a3aa7f74e1eb7ea5e6d9119940016f5581fa5732f30a3bbb20495"
"UUI-0851","heart-plus","福利厚生追加","Heart Plus","hr-organization","人事・組織・研修","「福利厚生追加」を表す汎用UIアイコン。人事・組織・研修に関する操作または状態表示に使用する。","color/hr-organization/heart-plus.svg","monochrome/hr-organization/heart-plus.svg","16|20|24|32|48","16","ce1cf6a2e1546a480b28060905d6dabe901d091d5ef92097a8f5ad911c2c7f0e"
"UUI-0852","heart-minus","福利厚生削除","Heart Minus","hr-organization","人事・組織・研修","「福利厚生削除」を表す汎用UIアイコン。人事・組織・研修に関する操作または状態表示に使用する。","color/hr-organization/heart-minus.svg","monochrome/hr-organization/heart-minus.svg","16|20|24|32|48","16","b05d17c11fec971df7b0a07f74b5b5525d126b5ebb50150d3326b86aa6eb9197"
"UUI-0853","heart-off","福利厚生対象外","Heart Off","hr-organization","人事・組織・研修","「福利厚生対象外」を表す汎用UIアイコン。人事・組織・研修に関する操作または状態表示に使用する。","color/hr-organization/heart-off.svg","monochrome/hr-organization/heart-off.svg","16|20|24|32|48","16","88e1b9d24e91f3f0cc87788972b5e1102d8bb2e3f164a8bc62b66c334d05963e"
"UUI-0854","package-2","梱包箱","Package 2","logistics-inventory","物流と在庫","「梱包箱」を表す汎用UIアイコン。物流と在庫に関する操作または状態表示に使用する。","color/logistics-inventory/package-2.svg","monochrome/logistics-inventory/package-2.svg","16|20|24|32|48","16","c09d7471686f22915862b94f4fa5e0de6f9d5584bfc6c0efc839dc1bfdab0edf"
"UUI-0855","package-check","検品済み荷物","Package Check","logistics-inventory","物流と在庫","「検品済み荷物」を表す汎用UIアイコン。物流と在庫に関する操作または状態表示に使用する。","color/logistics-inventory/package-check.svg","monochrome/logistics-inventory/package-check.svg","16|20|24|32|48","16","38dc654af953c31663624b2fd50ae70f2e559cb645f797ff3cdc3f2bdda09a5a"
"UUI-0856","package-x","破損・取消荷物","Package X","logistics-inventory","物流と在庫","「破損・取消荷物」を表す汎用UIアイコン。物流と在庫に関する操作または状態表示に使用する。","color/logistics-inventory/package-x.svg","monochrome/logistics-inventory/package-x.svg","16|20|24|32|48","16","ef13ae79d734692ef3a08f75f40a1a7167617548462b0ebb79838c60e9b9bb5a"
"UUI-0857","briefcase-conveyor-belt","搬送ライン","Briefcase Conveyor Belt","logistics-inventory","物流と在庫","「搬送ライン」を表す汎用UIアイコン。物流と在庫に関する操作または状態表示に使用する。","color/logistics-inventory/briefcase-conveyor-belt.svg","monochrome/logistics-inventory/briefcase-conveyor-belt.svg","16|20|24|32|48","16","f1c9f4a99ffc12eb1d662586b454e64824b88709b75b992e91b9efafbe86d6c8"
"UUI-0858","forklift","フォークリフト","Forklift","logistics-inventory","物流と在庫","「フォークリフト」を表す汎用UIアイコン。物流と在庫に関する操作または状態表示に使用する。","color/logistics-inventory/forklift.svg","monochrome/logistics-inventory/forklift.svg","16|20|24|32|48","16","3bd1a6cb399a56cf90de5797e74cb7d9980e6108ad157372106a42bb060ad8b6"
"UUI-0859","truck-electric","電動配送車","Truck Electric","logistics-inventory","物流と在庫","「電動配送車」を表す汎用UIアイコン。物流と在庫に関する操作または状態表示に使用する。","color/logistics-inventory/truck-electric.svg","monochrome/logistics-inventory/truck-electric.svg","16|20|24|32|48","16","155f6ccb430a5188b3bbbd78604254e56cff5f6afd6edf9b3bc6266aeb2e2d9f"
"UUI-0860","dock","搬入口","Dock","logistics-inventory","物流と在庫","「搬入口」を表す汎用UIアイコン。物流と在庫に関する操作または状態表示に使用する。","color/logistics-inventory/dock.svg","monochrome/logistics-inventory/dock.svg","16|20|24|32|48","16","90c3876fd51b39d77f25e26436f8a9e3f5cd77df39f2169ab57ab5b590d46fa3"
"UUI-0861","ship-wheel","船舶輸送","Ship Wheel","logistics-inventory","物流と在庫","「船舶輸送」を表す汎用UIアイコン。物流と在庫に関する操作または状態表示に使用する。","color/logistics-inventory/ship-wheel.svg","monochrome/logistics-inventory/ship-wheel.svg","16|20|24|32|48","16","f8a8e8e5357b5703073b942c2e0b38201f004a9ec5e3c3f36131d5b448b133c1"
"UUI-0862","plane-landing","航空便到着","Plane Landing","logistics-inventory","物流と在庫","「航空便到着」を表す汎用UIアイコン。物流と在庫に関する操作または状態表示に使用する。","color/logistics-inventory/plane-landing.svg","monochrome/logistics-inventory/plane-landing.svg","16|20|24|32|48","16","099e3946d24e24b5723b452a3056be10b19f92ed0b90cb0c974e9ad15aadf018"
"UUI-0863","plane-takeoff","航空便出発","Plane Takeoff","logistics-inventory","物流と在庫","「航空便出発」を表す汎用UIアイコン。物流と在庫に関する操作または状態表示に使用する。","color/logistics-inventory/plane-takeoff.svg","monochrome/logistics-inventory/plane-takeoff.svg","16|20|24|32|48","16","a08360d7d25039dd895d0045cce5842f60dd4d8c5d0f6e18b40e5fe8651a9133"
"UUI-0864","bus-front","バス正面","Bus Front","logistics-inventory","物流と在庫","「バス正面」を表す汎用UIアイコン。物流と在庫に関する操作または状態表示に使用する。","color/logistics-inventory/bus-front.svg","monochrome/logistics-inventory/bus-front.svg","16|20|24|32|48","16","87d56c1f21fc775ff7d5772fd36e2fcf2a45cb75600bdd1af72204bf069c251f"
"UUI-0865","car-front","車両正面","Car Front","logistics-inventory","物流と在庫","「車両正面」を表す汎用UIアイコン。物流と在庫に関する操作または状態表示に使用する。","color/logistics-inventory/car-front.svg","monochrome/logistics-inventory/car-front.svg","16|20|24|32|48","16","6ccf7bd792532ad4b3443ed6fd3726ad9d0c40fccd4064fbc967f78698b36703"
"UUI-0866","car-taxi-front","タクシー","Car Taxi Front","logistics-inventory","物流と在庫","「タクシー」を表す汎用UIアイコン。物流と在庫に関する操作または状態表示に使用する。","color/logistics-inventory/car-taxi-front.svg","monochrome/logistics-inventory/car-taxi-front.svg","16|20|24|32|48","16","991303cd80dbf800ebf771d045599c1055c0447c74d8b719452497b84a0e36bb"
"UUI-0867","caravan","輸送車","Caravan","logistics-inventory","物流と在庫","「輸送車」を表す汎用UIアイコン。物流と在庫に関する操作または状態表示に使用する。","color/logistics-inventory/caravan.svg","monochrome/logistics-inventory/caravan.svg","16|20|24|32|48","16","40ef100c6a3a6b71c6cc8db4cc989afabab09d0336efa414404d2c5d32ebedf0"
"UUI-0868","motorbike","二輪配送","Motorbike","logistics-inventory","物流と在庫","「二輪配送」を表す汎用UIアイコン。物流と在庫に関する操作または状態表示に使用する。","color/logistics-inventory/motorbike.svg","monochrome/logistics-inventory/motorbike.svg","16|20|24|32|48","16","02e435b7fd258790a46dba982eb5438c3ff652767119a444fe618b869772566f"
"UUI-0869","sailboat","帆船輸送","Sailboat","logistics-inventory","物流と在庫","「帆船輸送」を表す汎用UIアイコン。物流と在庫に関する操作または状態表示に使用する。","color/logistics-inventory/sailboat.svg","monochrome/logistics-inventory/sailboat.svg","16|20|24|32|48","16","f61f3cd7450e5827fb2e8fae4c9242642aeae233c72a8f30f5412ef6f4c80402"
"UUI-0870","train-front-tunnel","鉄道トンネル","Train Front Tunnel","logistics-inventory","物流と在庫","「鉄道トンネル」を表す汎用UIアイコン。物流と在庫に関する操作または状態表示に使用する。","color/logistics-inventory/train-front-tunnel.svg","monochrome/logistics-inventory/train-front-tunnel.svg","16|20|24|32|48","16","8beb844af01a59196c98778ac32191812176bf667468cade992ed8662aa55243"
"UUI-0871","train-track","鉄道路線","Train Track","logistics-inventory","物流と在庫","「鉄道路線」を表す汎用UIアイコン。物流と在庫に関する操作または状態表示に使用する。","color/logistics-inventory/train-track.svg","monochrome/logistics-inventory/train-track.svg","16|20|24|32|48","16","a35a291082da7b39c671886b7e2f4e3e8e65877dbdc6586e735785755012c76e"
"UUI-0872","tram-front","路面電車","Tram Front","logistics-inventory","物流と在庫","「路面電車」を表す汎用UIアイコン。物流と在庫に関する操作または状態表示に使用する。","color/logistics-inventory/tram-front.svg","monochrome/logistics-inventory/tram-front.svg","16|20|24|32|48","16","3f2dc7cb78f75a1b2ee310d622a8e28200cc1c3543aed61defdb283a66663f4c"
"UUI-0873","van","配送バン","Van","logistics-inventory","物流と在庫","「配送バン」を表す汎用UIアイコン。物流と在庫に関する操作または状態表示に使用する。","color/logistics-inventory/van.svg","monochrome/logistics-inventory/van.svg","16|20|24|32|48","16","cd80cbd7d73d852ecbec058d6afa1fc864c0609639bd3edbc2ba22b5fc200db9"
"UUI-0874","weight","重量","Weight","logistics-inventory","物流と在庫","「重量」を表す汎用UIアイコン。物流と在庫に関する操作または状態表示に使用する。","color/logistics-inventory/weight.svg","monochrome/logistics-inventory/weight.svg","16|20|24|32|48","16","1b931be7d1340354f76630790f27db33e7e89225538e5394a772775cf43f6743"
"UUI-0875","weight-tilde","概算重量","Weight Tilde","logistics-inventory","物流と在庫","「概算重量」を表す汎用UIアイコン。物流と在庫に関する操作または状態表示に使用する。","color/logistics-inventory/weight-tilde.svg","monochrome/logistics-inventory/weight-tilde.svg","16|20|24|32|48","16","56ad0e8b048f4ec23e954bc1a1eb4fab533631d8bd2a5c248beff0a4e8ec8074"
"UUI-0876","map-pin-house","配送拠点","Map Pin House","logistics-inventory","物流と在庫","「配送拠点」を表す汎用UIアイコン。物流と在庫に関する操作または状態表示に使用する。","color/logistics-inventory/map-pin-house.svg","monochrome/logistics-inventory/map-pin-house.svg","16|20|24|32|48","16","39991e792ab37e3005ab265e97cffa1df65540e2fa8784c3d94911464a40c6d8"
"UUI-0877","map-pin-plus","配送先追加","Map Pin Plus","logistics-inventory","物流と在庫","「配送先追加」を表す汎用UIアイコン。物流と在庫に関する操作または状態表示に使用する。","color/logistics-inventory/map-pin-plus.svg","monochrome/logistics-inventory/map-pin-plus.svg","16|20|24|32|48","16","3a2861fc48702a996b6abb3f9cb85bae31044e7e6f760876008cccb1e97b06f8"
"UUI-0878","map-pin-minus","配送先削除","Map Pin Minus","logistics-inventory","物流と在庫","「配送先削除」を表す汎用UIアイコン。物流と在庫に関する操作または状態表示に使用する。","color/logistics-inventory/map-pin-minus.svg","monochrome/logistics-inventory/map-pin-minus.svg","16|20|24|32|48","16","771fd4a787e00683f6d720d7180cb50c612c93da1009e5433691b9d6ee6be41c"
"UUI-0879","square-check","チェックボックス選択","Square Check","forms-input","フォームと入力","「チェックボックス選択」を表す汎用UIアイコン。フォームと入力に関する操作または状態表示に使用する。","color/forms-input/square-check.svg","monochrome/forms-input/square-check.svg","16|20|24|32|48","16","14d8d4493d064b39dfa4687b8784105f71c6655efd382b7b019389c83cc799d5"
"UUI-0880","square-minus","チェックボックス一部選択","Square Minus","forms-input","フォームと入力","「チェックボックス一部選択」を表す汎用UIアイコン。フォームと入力に関する操作または状態表示に使用する。","color/forms-input/square-minus.svg","monochrome/forms-input/square-minus.svg","16|20|24|32|48","16","508fe885b99444449730a46871c955b0d0417eaafe05ac9127eb2e22bf0f7107"
"UUI-0881","square-plus","入力欄追加","Square Plus","forms-input","フォームと入力","「入力欄追加」を表す汎用UIアイコン。フォームと入力に関する操作または状態表示に使用する。","color/forms-input/square-plus.svg","monochrome/forms-input/square-plus.svg","16|20|24|32|48","16","17bd7135906043465171b35ba53c1be1528f2ed45c6d820fae1e07929687239b"
"UUI-0882","square-dot","ラジオ選択","Square Dot","forms-input","フォームと入力","「ラジオ選択」を表す汎用UIアイコン。フォームと入力に関する操作または状態表示に使用する。","color/forms-input/square-dot.svg","monochrome/forms-input/square-dot.svg","16|20|24|32|48","16","4edc58d36a6c6c172e025b17f80a11caad621ac5900747c8ffb7dad9a76c9cb6"
"UUI-0883","circle-dot-dashed","仮選択","Circle Dot Dashed","forms-input","フォームと入力","「仮選択」を表す汎用UIアイコン。フォームと入力に関する操作または状態表示に使用する。","color/forms-input/circle-dot-dashed.svg","monochrome/forms-input/circle-dot-dashed.svg","16|20|24|32|48","16","7898eec5281279e5fb288461b4682b3267ba2b28600427a90742157c6894456c"
"UUI-0884","circle-small","小型選択点","Circle Small","forms-input","フォームと入力","「小型選択点」を表す汎用UIアイコン。フォームと入力に関する操作または状態表示に使用する。","color/forms-input/circle-small.svg","monochrome/forms-input/circle-small.svg","16|20|24|32|48","16","1ef2ccf982a2b06c33ef119ae98714470b464624399b4f6b873879350a6a070c"
"UUI-0885","rectangle-circle","複合入力","Rectangle Circle","forms-input","フォームと入力","「複合入力」を表す汎用UIアイコン。フォームと入力に関する操作または状態表示に使用する。","color/forms-input/rectangle-circle.svg","monochrome/forms-input/rectangle-circle.svg","16|20|24|32|48","16","65251e0da3eacbe805297b0525a186fd2f4b01c5dd8de8d97702bcd529f058ab"
"UUI-0886","square-round-corner","角丸入力欄","Square Round Corner","forms-input","フォームと入力","「角丸入力欄」を表す汎用UIアイコン。フォームと入力に関する操作または状態表示に使用する。","color/forms-input/square-round-corner.svg","monochrome/forms-input/square-round-corner.svg","16|20|24|32|48","16","f0b1eebb070b7c2f6e6a8a1d19672526732e74a93036759b4f71c09d216d3fdb"
"UUI-0887","square-asterisk","必須入力","Square Asterisk","forms-input","フォームと入力","「必須入力」を表す汎用UIアイコン。フォームと入力に関する操作または状態表示に使用する。","color/forms-input/square-asterisk.svg","monochrome/forms-input/square-asterisk.svg","16|20|24|32|48","16","cf11bdf4256f580a7b2efb9b6537e5ecac13b5f22d500593bba9bad44dd4c109"
"UUI-0888","square-dashed","未入力領域","Square Dashed","forms-input","フォームと入力","「未入力領域」を表す汎用UIアイコン。フォームと入力に関する操作または状態表示に使用する。","color/forms-input/square-dashed.svg","monochrome/forms-input/square-dashed.svg","16|20|24|32|48","16","68bc94f1a100ea9df6b77b62e8380e670a5d1f2b20e6f9394ec98bf56384d963"
"UUI-0889","square-dashed-mouse-pointer","領域選択","Square Dashed Mouse Pointer","forms-input","フォームと入力","「領域選択」を表す汎用UIアイコン。フォームと入力に関する操作または状態表示に使用する。","color/forms-input/square-dashed-mouse-pointer.svg","monochrome/forms-input/square-dashed-mouse-pointer.svg","16|20|24|32|48","16","eaf0f15ac756445b95191fc0cae502820195427f77269b75f9537fd11991769e"
"UUI-0890","square-mouse-pointer","入力欄選択","Square Mouse Pointer","forms-input","フォームと入力","「入力欄選択」を表す汎用UIアイコン。フォームと入力に関する操作または状態表示に使用する。","color/forms-input/square-mouse-pointer.svg","monochrome/forms-input/square-mouse-pointer.svg","16|20|24|32|48","16","65972c50b6d67ac1069f43aaab3f9106e2df03eecdbacc21e2016e84d148b0b5"
"UUI-0891","check-line","入力確認","Check Line","forms-input","フォームと入力","「入力確認」を表す汎用UIアイコン。フォームと入力に関する操作または状態表示に使用する。","color/forms-input/check-line.svg","monochrome/forms-input/check-line.svg","16|20|24|32|48","16","d5e056cecb92588d10e17b51715a23459429c2790a8b20626eabd9ba605bd3b4"
"UUI-0892","x-line-top","入力削除","X Line Top","forms-input","フォームと入力","「入力削除」を表す汎用UIアイコン。フォームと入力に関する操作または状態表示に使用する。","color/forms-input/x-line-top.svg","monochrome/forms-input/x-line-top.svg","16|20|24|32|48","16","8fc1f65325239b5c72623c6eae8f538e8aaa7c54a86fb2489c77e0d9542eb1b1"
"UUI-0893","mouse-pointer","ポインター","Mouse Pointer","forms-input","フォームと入力","「ポインター」を表す汎用UIアイコン。フォームと入力に関する操作または状態表示に使用する。","color/forms-input/mouse-pointer.svg","monochrome/forms-input/mouse-pointer.svg","16|20|24|32|48","16","524927587a5bc9ad7674bd7af42ab7eaa96fbf8da1fef653a15f654de5293836"
"UUI-0894","mouse-pointer-2-off","ポインター無効","Mouse Pointer 2 Off","forms-input","フォームと入力","「ポインター無効」を表す汎用UIアイコン。フォームと入力に関する操作または状態表示に使用する。","color/forms-input/mouse-pointer-2-off.svg","monochrome/forms-input/mouse-pointer-2-off.svg","16|20|24|32|48","16","ec1bb1b4b8f2e2e2838d1ff7f6690c539dc50bb8cb62b490a0b5c4ebf18fee76"
"UUI-0895","mouse-pointer-ban","選択禁止","Mouse Pointer Ban","forms-input","フォームと入力","「選択禁止」を表す汎用UIアイコン。フォームと入力に関する操作または状態表示に使用する。","color/forms-input/mouse-pointer-ban.svg","monochrome/forms-input/mouse-pointer-ban.svg","16|20|24|32|48","16","547200a4d2ba7cc39102b64a36f84fcf1e1280440a8ad988ece7208b72f37242"
"UUI-0896","mouse-pointer-click","クリック","Mouse Pointer Click","forms-input","フォームと入力","「クリック」を表す汎用UIアイコン。フォームと入力に関する操作または状態表示に使用する。","color/forms-input/mouse-pointer-click.svg","monochrome/forms-input/mouse-pointer-click.svg","16|20|24|32|48","16","4e869113f1e7fc38793fc2bdebfce43289253b8b5d18539913c1caa187ad292a"
"UUI-0897","pointer","タップ","Pointer","forms-input","フォームと入力","「タップ」を表す汎用UIアイコン。フォームと入力に関する操作または状態表示に使用する。","color/forms-input/pointer.svg","monochrome/forms-input/pointer.svg","16|20|24|32|48","16","e34708de5edc5f59faeefb75cac3f1cc0333a555d2cd9a00dd7b8b6e2be3948e"
"UUI-0898","pointer-off","タップ無効","Pointer Off","forms-input","フォームと入力","「タップ無効」を表す汎用UIアイコン。フォームと入力に関する操作または状態表示に使用する。","color/forms-input/pointer-off.svg","monochrome/forms-input/pointer-off.svg","16|20|24|32|48","16","d103b453635c540629f9612b51aceb2fbe165851516c38b86afd94b87e72de99"
"UUI-0899","mouse-left","左クリック","Mouse Left","forms-input","フォームと入力","「左クリック」を表す汎用UIアイコン。フォームと入力に関する操作または状態表示に使用する。","color/forms-input/mouse-left.svg","monochrome/forms-input/mouse-left.svg","16|20|24|32|48","16","25e3602c707d0ac314fe300ab66651dc7c1a3884af00f0153a7ef626f9116996"
"UUI-0900","mouse-right","右クリック","Mouse Right","forms-input","フォームと入力","「右クリック」を表す汎用UIアイコン。フォームと入力に関する操作または状態表示に使用する。","color/forms-input/mouse-right.svg","monochrome/forms-input/mouse-right.svg","16|20|24|32|48","16","e70f2131d2032e819a1390e9c40cf0755ec42378e3e6dbc55e332c7c81d5d69c"
"UUI-0901","decimals-arrow-left","小数桁を減らす","Decimals Arrow Left","forms-input","フォームと入力","「小数桁を減らす」を表す汎用UIアイコン。フォームと入力に関する操作または状態表示に使用する。","color/forms-input/decimals-arrow-left.svg","monochrome/forms-input/decimals-arrow-left.svg","16|20|24|32|48","16","218b2f52063e04fbf042f8a5fa8f870265f8c64c4e8e189720ce3c5111dbd50c"
"UUI-0902","decimals-arrow-right","小数桁を増やす","Decimals Arrow Right","forms-input","フォームと入力","「小数桁を増やす」を表す汎用UIアイコン。フォームと入力に関する操作または状態表示に使用する。","color/forms-input/decimals-arrow-right.svg","monochrome/forms-input/decimals-arrow-right.svg","16|20|24|32|48","16","2f8195446f6e32c15193d5727978e1aed567fe7ca3fb9b382034b5a647b33bb5"
"UUI-0903","a-arrow-down","文字を縮小","A Arrow Down","forms-input","フォームと入力","「文字を縮小」を表す汎用UIアイコン。フォームと入力に関する操作または状態表示に使用する。","color/forms-input/a-arrow-down.svg","monochrome/forms-input/a-arrow-down.svg","16|20|24|32|48","16","6ca3ef81972e790624821d505321d982740e0249247392118f4bdb36e19323a5"
"UUI-0904","a-arrow-up","文字を拡大","A Arrow Up","sorting-view","並べ替えと表示","「文字を拡大」を表す汎用UIアイコン。並べ替えと表示に関する操作または状態表示に使用する。","color/sorting-view/a-arrow-up.svg","monochrome/sorting-view/a-arrow-up.svg","16|20|24|32|48","16","dff86a54de249c77af722462070f2670e620be59ec3f6f81dfa8bb03c2b59552"
"UUI-0905","arrow-down-0-1","数字昇順","Arrow Down 0 1","sorting-view","並べ替えと表示","「数字昇順」を表す汎用UIアイコン。並べ替えと表示に関する操作または状態表示に使用する。","color/sorting-view/arrow-down-0-1.svg","monochrome/sorting-view/arrow-down-0-1.svg","16|20|24|32|48","16","1d411b0d87a30b53c5aa5a97337fdb0559c9eb19cd394215d53672f7d6ecd1a0"
"UUI-0906","arrow-down-1-0","数字降順","Arrow Down 1 0","sorting-view","並べ替えと表示","「数字降順」を表す汎用UIアイコン。並べ替えと表示に関する操作または状態表示に使用する。","color/sorting-view/arrow-down-1-0.svg","monochrome/sorting-view/arrow-down-1-0.svg","16|20|24|32|48","16","5dfa1408bcf5fbd05e23b9d6447b6681c246e1b219ccc2465510911b4fb0ebb1"
"UUI-0907","arrow-down-a-z","英字昇順","Arrow Down A Z","sorting-view","並べ替えと表示","「英字昇順」を表す汎用UIアイコン。並べ替えと表示に関する操作または状態表示に使用する。","color/sorting-view/arrow-down-a-z.svg","monochrome/sorting-view/arrow-down-a-z.svg","16|20|24|32|48","16","0c5505b69b01a9d9d3ec8b21a19ae9343283fdc40ae1b64c4526871f10e8a945"
"UUI-0908","arrow-down-narrow-wide","小さい順","Arrow Down Narrow Wide","sorting-view","並べ替えと表示","「小さい順」を表す汎用UIアイコン。並べ替えと表示に関する操作または状態表示に使用する。","color/sorting-view/arrow-down-narrow-wide.svg","monochrome/sorting-view/arrow-down-narrow-wide.svg","16|20|24|32|48","16","6220a3ce3c91e1dda1c8aef264b01ae9141dc06f7f85d6b9d406b2422fba261f"
"UUI-0909","arrow-down-wide-narrow","大きい順","Arrow Down Wide Narrow","sorting-view","並べ替えと表示","「大きい順」を表す汎用UIアイコン。並べ替えと表示に関する操作または状態表示に使用する。","color/sorting-view/arrow-down-wide-narrow.svg","monochrome/sorting-view/arrow-down-wide-narrow.svg","16|20|24|32|48","16","4451f1ca07ee25701b65fca1ea476aabf393d75ec0ef2dbff36d537acfe085c4"
"UUI-0910","arrow-down-z-a","英字降順","Arrow Down Z A","sorting-view","並べ替えと表示","「英字降順」を表す汎用UIアイコン。並べ替えと表示に関する操作または状態表示に使用する。","color/sorting-view/arrow-down-z-a.svg","monochrome/sorting-view/arrow-down-z-a.svg","16|20|24|32|48","16","8292be5ea1bd3283cfbaae8703356b57343d8d2eb6aea85b8a6a148e37b4f4a7"
"UUI-0911","arrow-up-0-1","下から数字昇順","Arrow Up 0 1","sorting-view","並べ替えと表示","「下から数字昇順」を表す汎用UIアイコン。並べ替えと表示に関する操作または状態表示に使用する。","color/sorting-view/arrow-up-0-1.svg","monochrome/sorting-view/arrow-up-0-1.svg","16|20|24|32|48","16","82b6396aef6737b7a98c724447e3cc5790ef0be35e0d4fa4c43b8d2e42b82241"
"UUI-0912","arrow-up-1-0","下から数字降順","Arrow Up 1 0","sorting-view","並べ替えと表示","「下から数字降順」を表す汎用UIアイコン。並べ替えと表示に関する操作または状態表示に使用する。","color/sorting-view/arrow-up-1-0.svg","monochrome/sorting-view/arrow-up-1-0.svg","16|20|24|32|48","16","e916ee67032828356c506a6d515faa94986da17248212f8362b3433d2668f480"
"UUI-0913","arrow-up-a-z","下から英字昇順","Arrow Up A Z","sorting-view","並べ替えと表示","「下から英字昇順」を表す汎用UIアイコン。並べ替えと表示に関する操作または状態表示に使用する。","color/sorting-view/arrow-up-a-z.svg","monochrome/sorting-view/arrow-up-a-z.svg","16|20|24|32|48","16","8e63a43e81fa142d63572567e6a0b7ff85277ad77d48ff0a185ec5fe3a4d0075"
"UUI-0914","arrow-up-narrow-wide","下から小さい順","Arrow Up Narrow Wide","sorting-view","並べ替えと表示","「下から小さい順」を表す汎用UIアイコン。並べ替えと表示に関する操作または状態表示に使用する。","color/sorting-view/arrow-up-narrow-wide.svg","monochrome/sorting-view/arrow-up-narrow-wide.svg","16|20|24|32|48","16","f61bdcf2633a44b9486aa2311664edb728bbf2c49ad2d432e6aeae9206fa1847"
"UUI-0915","arrow-up-wide-narrow","下から大きい順","Arrow Up Wide Narrow","sorting-view","並べ替えと表示","「下から大きい順」を表す汎用UIアイコン。並べ替えと表示に関する操作または状態表示に使用する。","color/sorting-view/arrow-up-wide-narrow.svg","monochrome/sorting-view/arrow-up-wide-narrow.svg","16|20|24|32|48","16","bfc9c53b911dd3edc6735b185a52f56b1050ae747f4bb5872b924a39be1433cb"
"UUI-0916","arrow-up-z-a","下から英字降順","Arrow Up Z A","sorting-view","並べ替えと表示","「下から英字降順」を表す汎用UIアイコン。並べ替えと表示に関する操作または状態表示に使用する。","color/sorting-view/arrow-up-z-a.svg","monochrome/sorting-view/arrow-up-z-a.svg","16|20|24|32|48","16","f3cb6d1debafcf3c1b1bf2a36fb03d73b87840d268e26fcfea4873987f7a4c66"
"UUI-0917","funnel-plus","絞り込み条件追加","Funnel Plus","sorting-view","並べ替えと表示","「絞り込み条件追加」を表す汎用UIアイコン。並べ替えと表示に関する操作または状態表示に使用する。","color/sorting-view/funnel-plus.svg","monochrome/sorting-view/funnel-plus.svg","16|20|24|32|48","16","680ea43f8795e1b76302649befc730da3c199d02c1150eaeeec5b3e9cbb984b7"
"UUI-0918","funnel-x","絞り込み解除","Funnel X","sorting-view","並べ替えと表示","「絞り込み解除」を表す汎用UIアイコン。並べ替えと表示に関する操作または状態表示に使用する。","color/sorting-view/funnel-x.svg","monochrome/sorting-view/funnel-x.svg","16|20|24|32|48","16","8d831cba2eeb1e1256c5c1d134c105969f4037d63f1215e0dd8d5b8b7e2e6d19"
"UUI-0919","gallery-horizontal-end","横ギャラリー末尾","Gallery Horizontal End","sorting-view","並べ替えと表示","「横ギャラリー末尾」を表す汎用UIアイコン。並べ替えと表示に関する操作または状態表示に使用する。","color/sorting-view/gallery-horizontal-end.svg","monochrome/sorting-view/gallery-horizontal-end.svg","16|20|24|32|48","16","96f6546b18a490b57c4856fb78d904640babaa19c140a463c520db03b58f637f"
"UUI-0920","gallery-thumbnails","サムネイル一覧","Gallery Thumbnails","sorting-view","並べ替えと表示","「サムネイル一覧」を表す汎用UIアイコン。並べ替えと表示に関する操作または状態表示に使用する。","color/sorting-view/gallery-thumbnails.svg","monochrome/sorting-view/gallery-thumbnails.svg","16|20|24|32|48","16","2975ed6ec2d9b6493bade33159b92022b9f47ca7f6e6821538e95131acfc99bb"
"UUI-0921","gallery-vertical","縦ギャラリー","Gallery Vertical","sorting-view","並べ替えと表示","「縦ギャラリー」を表す汎用UIアイコン。並べ替えと表示に関する操作または状態表示に使用する。","color/sorting-view/gallery-vertical.svg","monochrome/sorting-view/gallery-vertical.svg","16|20|24|32|48","16","eda4c29cf11dcc70ef5338eb5fe2a3d6e72d6a8b91871448f1048021bade615f"
"UUI-0922","gallery-vertical-end","縦ギャラリー末尾","Gallery Vertical End","sorting-view","並べ替えと表示","「縦ギャラリー末尾」を表す汎用UIアイコン。並べ替えと表示に関する操作または状態表示に使用する。","color/sorting-view/gallery-vertical-end.svg","monochrome/sorting-view/gallery-vertical-end.svg","16|20|24|32|48","16","26b809591237c16454856637d9d3e8e0f1f29f46195767008045ce1b89750387"
"UUI-0923","grid-2x2-plus","グリッド追加","Grid 2x2 Plus","sorting-view","並べ替えと表示","「グリッド追加」を表す汎用UIアイコン。並べ替えと表示に関する操作または状態表示に使用する。","color/sorting-view/grid-2x2-plus.svg","monochrome/sorting-view/grid-2x2-plus.svg","16|20|24|32|48","16","702c99e97fe12daf221cc6b16312cbdb99cb1e636c6573338d32fe73479d32e3"
"UUI-0924","grid-2x2-x","グリッド削除","Grid 2x2 X","sorting-view","並べ替えと表示","「グリッド削除」を表す汎用UIアイコン。並べ替えと表示に関する操作または状態表示に使用する。","color/sorting-view/grid-2x2-x.svg","monochrome/sorting-view/grid-2x2-x.svg","16|20|24|32|48","16","aad2163afec4e1413f7b641b1a2769ec7ede89d5e28b7ae1d157b11d4ff5be4e"
"UUI-0925","layout-dashboard","ダッシュボード配置","Layout Dashboard","sorting-view","並べ替えと表示","「ダッシュボード配置」を表す汎用UIアイコン。並べ替えと表示に関する操作または状態表示に使用する。","color/sorting-view/layout-dashboard.svg","monochrome/sorting-view/layout-dashboard.svg","16|20|24|32|48","16","4f6c38132bb34b1bca4c004198d4b89166ce9d0c9ba3cd38371c58e4ad83f7cb"
"UUI-0926","layout-template","テンプレート配置","Layout Template","sorting-view","並べ替えと表示","「テンプレート配置」を表す汎用UIアイコン。並べ替えと表示に関する操作または状態表示に使用する。","color/sorting-view/layout-template.svg","monochrome/sorting-view/layout-template.svg","16|20|24|32|48","16","63693920f745777600cc12967e7daeecf34c3a8d13bb0babbca09ae81de495b7"
"UUI-0927","eye-closed","閉じた表示","Eye Closed","sorting-view","並べ替えと表示","「閉じた表示」を表す汎用UIアイコン。並べ替えと表示に関する操作または状態表示に使用する。","color/sorting-view/eye-closed.svg","monochrome/sorting-view/eye-closed.svg","16|20|24|32|48","16","b8cc0fcaa6c0a426406a0fc11378bd8f82c298138d77a288a5fb525e5695147d"
"UUI-0928","maximize","表示領域拡大","Maximize","sorting-view","並べ替えと表示","「表示領域拡大」を表す汎用UIアイコン。並べ替えと表示に関する操作または状態表示に使用する。","color/sorting-view/maximize.svg","monochrome/sorting-view/maximize.svg","16|20|24|32|48","16","843d7ceb86b3937c96f393969c7706b8d139deab55e43347e8a5001e8c7e73e7"
"UUI-0929","bell-dot","未読通知","Bell Dot","notification-status","通知と状態詳細","「未読通知」を表す汎用UIアイコン。通知と状態詳細に関する操作または状態表示に使用する。","color/notification-status/bell-dot.svg","monochrome/notification-status/bell-dot.svg","16|20|24|32|48","16","99cbe08834360ddb66716f7b39c4006677ab8bb67f230105f73e573b92e3f35f"
"UUI-0930","bell-electric","即時通知","Bell Electric","notification-status","通知と状態詳細","「即時通知」を表す汎用UIアイコン。通知と状態詳細に関する操作または状態表示に使用する。","color/notification-status/bell-electric.svg","monochrome/notification-status/bell-electric.svg","16|20|24|32|48","16","d9acc78415496e0f71b0f949ddce99840199da59fd58da8656d7a53344dea457"
"UUI-0931","bell-minus","通知削除","Bell Minus","notification-status","通知と状態詳細","「通知削除」を表す汎用UIアイコン。通知と状態詳細に関する操作または状態表示に使用する。","color/notification-status/bell-minus.svg","monochrome/notification-status/bell-minus.svg","16|20|24|32|48","16","387f71145f92761f8e3e7c578c797362a11bd5d8a95626f5d99e38589245900a"
"UUI-0932","bell-plus","通知追加","Bell Plus","notification-status","通知と状態詳細","「通知追加」を表す汎用UIアイコン。通知と状態詳細に関する操作または状態表示に使用する。","color/notification-status/bell-plus.svg","monochrome/notification-status/bell-plus.svg","16|20|24|32|48","16","61150f439b74539941944184f8bdac521c308d0b345d5ba9a96212fe8e7f8efc"
"UUI-0933","mail-minus","メール削除","Mail Minus","notification-status","通知と状態詳細","「メール削除」を表す汎用UIアイコン。通知と状態詳細に関する操作または状態表示に使用する。","color/notification-status/mail-minus.svg","monochrome/notification-status/mail-minus.svg","16|20|24|32|48","16","27d83e6da1813ca239ed21dae82de9946e9064dbcfbfb29716038c3df91a3e24"
"UUI-0934","mail-x","メール失敗","Mail X","notification-status","通知と状態詳細","「メール失敗」を表す汎用UIアイコン。通知と状態詳細に関する操作または状態表示に使用する。","color/notification-status/mail-x.svg","monochrome/notification-status/mail-x.svg","16|20|24|32|48","16","ad7bb7d7734ffb78a65b93492b8d3347b95b318e8c0d0d44e6a6a817f1e8ced2"
"UUI-0935","circle-gauge","進行状況","Circle Gauge","notification-status","通知と状態詳細","「進行状況」を表す汎用UIアイコン。通知と状態詳細に関する操作または状態表示に使用する。","color/notification-status/circle-gauge.svg","monochrome/notification-status/circle-gauge.svg","16|20|24|32|48","16","7ed1b1e528249ecb11317efc0b7b22b86c913b61164bbb451b2d13d8c97a2d67"
"UUI-0936","circle-pile","待ち行列","Circle Pile","notification-status","通知と状態詳細","「待ち行列」を表す汎用UIアイコン。通知と状態詳細に関する操作または状態表示に使用する。","color/notification-status/circle-pile.svg","monochrome/notification-status/circle-pile.svg","16|20|24|32|48","16","52536c6b7acc8dd7a0cedbf090306572aba998e65a0a522a12eefed6f321ac72"
"UUI-0937","circle-power","稼働中","Circle Power","notification-status","通知と状態詳細","「稼働中」を表す汎用UIアイコン。通知と状態詳細に関する操作または状態表示に使用する。","color/notification-status/circle-power.svg","monochrome/notification-status/circle-power.svg","16|20|24|32|48","16","367cd012710c0b94199980aa998ad6276e422dc8cbbb090725aef7ece360b0b5"
"UUI-0938","circle-slash","対象外","Circle Slash","notification-status","通知と状態詳細","「対象外」を表す汎用UIアイコン。通知と状態詳細に関する操作または状態表示に使用する。","color/notification-status/circle-slash.svg","monochrome/notification-status/circle-slash.svg","16|20|24|32|48","16","c85acd7184e7ec886e788a0ea8367fe157f51ffa67d92993a9bf42a712f3dd30"
"UUI-0939","circle-slash-2","処理禁止","Circle Slash 2","notification-status","通知と状態詳細","「処理禁止」を表す汎用UIアイコン。通知と状態詳細に関する操作または状態表示に使用する。","color/notification-status/circle-slash-2.svg","monochrome/notification-status/circle-slash-2.svg","16|20|24|32|48","16","1dd86b87357123b143425d86a862e21b92f06711afadde118705ea491011049b"
"UUI-0940","circle-star","注目状態","Circle Star","notification-status","通知と状態詳細","「注目状態」を表す汎用UIアイコン。通知と状態詳細に関する操作または状態表示に使用する。","color/notification-status/circle-star.svg","monochrome/notification-status/circle-star.svg","16|20|24|32|48","16","ce084048f410aa1b2d2e34853fa224e6971fa2f4a3ebe8d910174f2f59ec4ed1"
"UUI-0941","circle-fading-arrow-up","段階的上昇","Circle Fading Arrow Up","notification-status","通知と状態詳細","「段階的上昇」を表す汎用UIアイコン。通知と状態詳細に関する操作または状態表示に使用する。","color/notification-status/circle-fading-arrow-up.svg","monochrome/notification-status/circle-fading-arrow-up.svg","16|20|24|32|48","16","2cf79993badaaf29fd718291e198e0dfe4381499137269fe98439c5accd56bdb"
"UUI-0942","circle-fading-plus","段階的追加","Circle Fading Plus","notification-status","通知と状態詳細","「段階的追加」を表す汎用UIアイコン。通知と状態詳細に関する操作または状態表示に使用する。","color/notification-status/circle-fading-plus.svg","monochrome/notification-status/circle-fading-plus.svg","16|20|24|32|48","16","b41c972eaae57edc1ff647f44afdb1a4261356ee80e62bee081c5cf5d2c9481a"
"UUI-0943","loader","読み込み中","Loader","notification-status","通知と状態詳細","「読み込み中」を表す汎用UIアイコン。通知と状態詳細に関する操作または状態表示に使用する。","color/notification-status/loader.svg","monochrome/notification-status/loader.svg","16|20|24|32|48","16","88430df499cce61f829a600d7e73afa44bb1e99a20a67ab718b65c1b69581c10"
"UUI-0944","loader-pinwheel","継続処理中","Loader Pinwheel","notification-status","通知と状態詳細","「継続処理中」を表す汎用UIアイコン。通知と状態詳細に関する操作または状態表示に使用する。","color/notification-status/loader-pinwheel.svg","monochrome/notification-status/loader-pinwheel.svg","16|20|24|32|48","16","ccb295449d7b991d7bd0a059bb1b68ea1664f8155ae48dc28ebf6e826f135e0d"
"UUI-0945","sparkle","新着","Sparkle","notification-status","通知と状態詳細","「新着」を表す汎用UIアイコン。通知と状態詳細に関する操作または状態表示に使用する。","color/notification-status/sparkle.svg","monochrome/notification-status/sparkle.svg","16|20|24|32|48","16","0a37d1e26e917e08181cc8cc95d051e4480b738d933af6fc46f632d549c50c41"
"UUI-0946","square-activity","稼働状態","Square Activity","notification-status","通知と状態詳細","「稼働状態」を表す汎用UIアイコン。通知と状態詳細に関する操作または状態表示に使用する。","color/notification-status/square-activity.svg","monochrome/notification-status/square-activity.svg","16|20|24|32|48","16","f79cf57f5d88906c88296b6af3dd6e750d3596f8ee3161883ca72211a5d09f26"
"UUI-0947","square-pause","停止待ち","Square Pause","notification-status","通知と状態詳細","「停止待ち」を表す汎用UIアイコン。通知と状態詳細に関する操作または状態表示に使用する。","color/notification-status/square-pause.svg","monochrome/notification-status/square-pause.svg","16|20|24|32|48","16","1bf5784f524a2e493b6b11df54e3867a6c42c74d5f3b53e3ea1ae03bb68476d5"
"UUI-0948","square-play","実行状態","Square Play","notification-status","通知と状態詳細","「実行状態」を表す汎用UIアイコン。通知と状態詳細に関する操作または状態表示に使用する。","color/notification-status/square-play.svg","monochrome/notification-status/square-play.svg","16|20|24|32|48","16","f0f2dd45b3b03f66ea6db3d8c32f3b811ab644d4d90c0ceae63301271ffdcd00"
"UUI-0949","square-power","電源状態","Square Power","notification-status","通知と状態詳細","「電源状態」を表す汎用UIアイコン。通知と状態詳細に関する操作または状態表示に使用する。","color/notification-status/square-power.svg","monochrome/notification-status/square-power.svg","16|20|24|32|48","16","bf3c082e83b660021cf13965b8cda2e9fd6f370b2556950865b61c662f48c3cf"
"UUI-0950","square-star","重要状態","Square Star","notification-status","通知と状態詳細","「重要状態」を表す汎用UIアイコン。通知と状態詳細に関する操作または状態表示に使用する。","color/notification-status/square-star.svg","monochrome/notification-status/square-star.svg","16|20|24|32|48","16","f1e0428a8db649ad0ef2a2941a9a76a200cd623c9d5276a1edc216b182893937"
"UUI-0951","square-stop","停止状態","Square Stop","notification-status","通知と状態詳細","「停止状態」を表す汎用UIアイコン。通知と状態詳細に関する操作または状態表示に使用する。","color/notification-status/square-stop.svg","monochrome/notification-status/square-stop.svg","16|20|24|32|48","16","3c06c8f2a7eccc721c2e39591c7ffaadc6d734a3366a761f9f01f078f7296b78"
"UUI-0952","triangle-dashed","暫定警告","Triangle Dashed","notification-status","通知と状態詳細","「暫定警告」を表す汎用UIアイコン。通知と状態詳細に関する操作または状態表示に使用する。","color/notification-status/triangle-dashed.svg","monochrome/notification-status/triangle-dashed.svg","16|20|24|32|48","16","1821160c5d35d6da4cd55584dada8d180bc529e026a96d276733d75ae10332e3"
"UUI-0953","wifi-sync","通信同期中","Wi-Fi Sync","notification-status","通知と状態詳細","「通信同期中」を表す汎用UIアイコン。通知と状態詳細に関する操作または状態表示に使用する。","color/notification-status/wifi-sync.svg","monochrome/notification-status/wifi-sync.svg","16|20|24|32|48","16","1ded6293ab173eca1dda63e84b896a0cafbbcacadd2c48c3479d99dc07913619"
"UUI-0954","file-input","ファイル取り込み","File Input","import-export-sync","入出力と同期","「ファイル取り込み」を表す汎用UIアイコン。入出力と同期に関する操作または状態表示に使用する。","color/import-export-sync/file-input.svg","monochrome/import-export-sync/file-input.svg","16|20|24|32|48","16","29261869c61a3e491dda59359612cf742365f799c8952dc25b577df9201dc451"
"UUI-0955","file-output","ファイル書き出し","File Output","import-export-sync","入出力と同期","「ファイル書き出し」を表す汎用UIアイコン。入出力と同期に関する操作または状態表示に使用する。","color/import-export-sync/file-output.svg","monochrome/import-export-sync/file-output.svg","16|20|24|32|48","16","007dc7047253065ab67662e2ebaec892c78121e3e248ea0bbb53dcb87dcee319"
"UUI-0956","file-down","ファイル取得","File Down","import-export-sync","入出力と同期","「ファイル取得」を表す汎用UIアイコン。入出力と同期に関する操作または状態表示に使用する。","color/import-export-sync/file-down.svg","monochrome/import-export-sync/file-down.svg","16|20|24|32|48","16","4a67f1fc6390f99928ecd1672ad54fb92995b9968a0e52900dc0e4d5728cb3ee"
"UUI-0957","file-up","ファイル送信","File Up","import-export-sync","入出力と同期","「ファイル送信」を表す汎用UIアイコン。入出力と同期に関する操作または状態表示に使用する。","color/import-export-sync/file-up.svg","monochrome/import-export-sync/file-up.svg","16|20|24|32|48","16","1810887f984ef3e22a9677b7639d2c39a33fde5dd014068a8bc7c13e2c0bed73"
"UUI-0958","folder-input","フォルダー取り込み","Folder Input","import-export-sync","入出力と同期","「フォルダー取り込み」を表す汎用UIアイコン。入出力と同期に関する操作または状態表示に使用する。","color/import-export-sync/folder-input.svg","monochrome/import-export-sync/folder-input.svg","16|20|24|32|48","16","ac6cf7ba19e93f890b37c8dcaf31628e5d66ac8cead0b79e0f5d36bf7a8df460"
"UUI-0959","folder-output","フォルダー書き出し","Folder Output","import-export-sync","入出力と同期","「フォルダー書き出し」を表す汎用UIアイコン。入出力と同期に関する操作または状態表示に使用する。","color/import-export-sync/folder-output.svg","monochrome/import-export-sync/folder-output.svg","16|20|24|32|48","16","b9a4be8979799cbf83d97033e7b20e457f4d6b1f8816fb11d32c5df0a90f4edc"
"UUI-0960","folder-down","フォルダー取得","Folder Down","import-export-sync","入出力と同期","「フォルダー取得」を表す汎用UIアイコン。入出力と同期に関する操作または状態表示に使用する。","color/import-export-sync/folder-down.svg","monochrome/import-export-sync/folder-down.svg","16|20|24|32|48","16","3592fc77838b070504672889c5e95a05f6e1abc3e7907915d1cc057fcaffda18"
"UUI-0961","folder-up","フォルダー送信","Folder Up","import-export-sync","入出力と同期","「フォルダー送信」を表す汎用UIアイコン。入出力と同期に関する操作または状態表示に使用する。","color/import-export-sync/folder-up.svg","monochrome/import-export-sync/folder-up.svg","16|20|24|32|48","16","0537857da6aecca78b28c16dbe2382663bf5949f9f2f123e87e2a4a06bae1318"
"UUI-0962","arrow-down-from-line","境界から下へ","Arrow Down From Line","import-export-sync","入出力と同期","「境界から下へ」を表す汎用UIアイコン。入出力と同期に関する操作または状態表示に使用する。","color/import-export-sync/arrow-down-from-line.svg","monochrome/import-export-sync/arrow-down-from-line.svg","16|20|24|32|48","16","142cb4330a81f39ddb5782c258b33823678dd5af00a53818befd4b95b087f12c"
"UUI-0963","arrow-down-to-line","下の境界へ","Arrow Down To Line","import-export-sync","入出力と同期","「下の境界へ」を表す汎用UIアイコン。入出力と同期に関する操作または状態表示に使用する。","color/import-export-sync/arrow-down-to-line.svg","monochrome/import-export-sync/arrow-down-to-line.svg","16|20|24|32|48","16","dcfa5b6c039ae778de780c695f42fe7239b03cb4ca1ee65bd1b385f4ec088c5d"
"UUI-0964","arrow-left-from-line","境界から左へ","Arrow Left From Line","import-export-sync","入出力と同期","「境界から左へ」を表す汎用UIアイコン。入出力と同期に関する操作または状態表示に使用する。","color/import-export-sync/arrow-left-from-line.svg","monochrome/import-export-sync/arrow-left-from-line.svg","16|20|24|32|48","16","4d58c0384b94d0c901f9a7d17c3c1e13222d451ee50c3c3866bf2e50ca97ecc4"
"UUI-0965","arrow-left-to-line","左の境界へ","Arrow Left To Line","import-export-sync","入出力と同期","「左の境界へ」を表す汎用UIアイコン。入出力と同期に関する操作または状態表示に使用する。","color/import-export-sync/arrow-left-to-line.svg","monochrome/import-export-sync/arrow-left-to-line.svg","16|20|24|32|48","16","715c2b8842b603adcd36a5b7168a97ac27b3ebca156eec46e2d3821234ec4827"
"UUI-0966","arrow-right-from-line","境界から右へ","Arrow Right From Line","import-export-sync","入出力と同期","「境界から右へ」を表す汎用UIアイコン。入出力と同期に関する操作または状態表示に使用する。","color/import-export-sync/arrow-right-from-line.svg","monochrome/import-export-sync/arrow-right-from-line.svg","16|20|24|32|48","16","a8cf9fda758a970bbbdba7c6aecc884b773cdcfd859131f57d18c5a5fd7cfb49"
"UUI-0967","arrow-right-to-line","右の境界へ","Arrow Right To Line","import-export-sync","入出力と同期","「右の境界へ」を表す汎用UIアイコン。入出力と同期に関する操作または状態表示に使用する。","color/import-export-sync/arrow-right-to-line.svg","monochrome/import-export-sync/arrow-right-to-line.svg","16|20|24|32|48","16","ac101d400a0bc966a7487138e50313c450e453c2c9a7e885c57c892269063de2"
"UUI-0968","arrow-up-from-line","境界から上へ","Arrow Up From Line","import-export-sync","入出力と同期","「境界から上へ」を表す汎用UIアイコン。入出力と同期に関する操作または状態表示に使用する。","color/import-export-sync/arrow-up-from-line.svg","monochrome/import-export-sync/arrow-up-from-line.svg","16|20|24|32|48","16","1031e77e5897809504bf606edb70478568b0423fdab9ad3399ccc64cd0eb285f"
"UUI-0969","arrow-up-to-line","上の境界へ","Arrow Up To Line","import-export-sync","入出力と同期","「上の境界へ」を表す汎用UIアイコン。入出力と同期に関する操作または状態表示に使用する。","color/import-export-sync/arrow-up-to-line.svg","monochrome/import-export-sync/arrow-up-to-line.svg","16|20|24|32|48","16","e1ec8148f2928f0384eb259f87a69a54c3450ac4334e0eea55429eb973850ba5"
"UUI-0970","arrows-up-from-line","複数送信","Arrows Up From Line","import-export-sync","入出力と同期","「複数送信」を表す汎用UIアイコン。入出力と同期に関する操作または状態表示に使用する。","color/import-export-sync/arrows-up-from-line.svg","monochrome/import-export-sync/arrows-up-from-line.svg","16|20|24|32|48","16","019b2f532ff75237dcef4cf25caaed435dc35f92579b50a725988304d2a47bab"
"UUI-0971","circle-arrow-down","円形ダウンロード","Circle Arrow Down","import-export-sync","入出力と同期","「円形ダウンロード」を表す汎用UIアイコン。入出力と同期に関する操作または状態表示に使用する。","color/import-export-sync/circle-arrow-down.svg","monochrome/import-export-sync/circle-arrow-down.svg","16|20|24|32|48","16","3a20bb39ee8c92081f6c68344722fa4b853e962fd8fd2df42714dc19a314f998"
"UUI-0972","circle-arrow-up","円形アップロード","Circle Arrow Up","import-export-sync","入出力と同期","「円形アップロード」を表す汎用UIアイコン。入出力と同期に関する操作または状態表示に使用する。","color/import-export-sync/circle-arrow-up.svg","monochrome/import-export-sync/circle-arrow-up.svg","16|20|24|32|48","16","4eceb32fe7df17f50d450499a6dfe8310e730b5e7122542bdb5d604a2ac8f61b"
"UUI-0973","square-arrow-right-enter","データ受入れ","Square Arrow Right Enter","import-export-sync","入出力と同期","「データ受入れ」を表す汎用UIアイコン。入出力と同期に関する操作または状態表示に使用する。","color/import-export-sync/square-arrow-right-enter.svg","monochrome/import-export-sync/square-arrow-right-enter.svg","16|20|24|32|48","16","c22ae185c9cc0910cce6f76e89e238f2b40f8ba739c13c93836c4b1fa5a7be87"
"UUI-0974","square-arrow-right-exit","データ搬出","Square Arrow Right Exit","import-export-sync","入出力と同期","「データ搬出」を表す汎用UIアイコン。入出力と同期に関する操作または状態表示に使用する。","color/import-export-sync/square-arrow-right-exit.svg","monochrome/import-export-sync/square-arrow-right-exit.svg","16|20|24|32|48","16","16e5a88545773d92e808c9254ebdc97378035099851678c05087c017d0bf3c70"
"UUI-0975","rotate-ccw-square","反時計回り同期","Rotate Ccw Square","import-export-sync","入出力と同期","「反時計回り同期」を表す汎用UIアイコン。入出力と同期に関する操作または状態表示に使用する。","color/import-export-sync/rotate-ccw-square.svg","monochrome/import-export-sync/rotate-ccw-square.svg","16|20|24|32|48","16","f38db4c769ec6d8be3b1589519aea8f103cabaf08ee60326e4ddda6ff94d819c"
"UUI-0976","rotate-cw-square","時計回り同期","Rotate Cw Square","import-export-sync","入出力と同期","「時計回り同期」を表す汎用UIアイコン。入出力と同期に関する操作または状態表示に使用する。","color/import-export-sync/rotate-cw-square.svg","monochrome/import-export-sync/rotate-cw-square.svg","16|20|24|32|48","16","4e4f85fbfa10b46fe8a8c5b29776b17246513b78b5ea6f33504d613953ad086a"
"UUI-0977","import","インポート","Import","import-export-sync","入出力と同期","「インポート」を表す汎用UIアイコン。入出力と同期に関する操作または状態表示に使用する。","color/import-export-sync/import.svg","monochrome/import-export-sync/import.svg","16|20|24|32|48","16","960d770dd74827137dc5f308660384b39341543d67002e886d72fe0551b4d1fe"
"UUI-0978","arrow-right-left","双方向入替","Arrow Right Left","import-export-sync","入出力と同期","「双方向入替」を表す汎用UIアイコン。入出力と同期に関する操作または状態表示に使用する。","color/import-export-sync/arrow-right-left.svg","monochrome/import-export-sync/arrow-right-left.svg","16|20|24|32|48","16","2bb828f0b904e5def040679147cee0cd7450bfafe8ec8232324407c8b198d0f4"
"UUI-0979","scale","法的均衡","Scale","legal-compliance","法務とコンプライアンス","「法的均衡」を表す汎用UIアイコン。法務とコンプライアンスに関する操作または状態表示に使用する。","color/legal-compliance/scale.svg","monochrome/legal-compliance/scale.svg","16|20|24|32|48","16","d9a11b7206b15ac68d049b376a13ff45ee3852ebcaacc6aba386daf188c2efb6"
"UUI-0980","gavel","法的判断","Gavel","legal-compliance","法務とコンプライアンス","「法的判断」を表す汎用UIアイコン。法務とコンプライアンスに関する操作または状態表示に使用する。","color/legal-compliance/gavel.svg","monochrome/legal-compliance/gavel.svg","16|20|24|32|48","16","7f5e5db7f76673726b995d43620e74754815eda00b30524335e6b26d65f92f59"
"UUI-0981","stamp","承認印","Stamp","legal-compliance","法務とコンプライアンス","「承認印」を表す汎用UIアイコン。法務とコンプライアンスに関する操作または状態表示に使用する。","color/legal-compliance/stamp.svg","monochrome/legal-compliance/stamp.svg","16|20|24|32|48","16","d5accd1a56406c8b8bee1f2f8cd6ab4bf5a2e2947b284e93cec81ef870d374f8"
"UUI-0982","scroll-text","規約文書","Scroll Text","legal-compliance","法務とコンプライアンス","「規約文書」を表す汎用UIアイコン。法務とコンプライアンスに関する操作または状態表示に使用する。","color/legal-compliance/scroll-text.svg","monochrome/legal-compliance/scroll-text.svg","16|20|24|32|48","16","32d427a214b8476c5f1c182be7caa2165f400b02c7477307d2fc16621c7b8d36"
"UUI-0983","scroll","証書","Scroll","legal-compliance","法務とコンプライアンス","「証書」を表す汎用UIアイコン。法務とコンプライアンスに関する操作または状態表示に使用する。","color/legal-compliance/scroll.svg","monochrome/legal-compliance/scroll.svg","16|20|24|32|48","16","06bc8378447889bd39b5dd91f55d76af003a3c4f104e6d64893baf66331ed3ff"
"UUI-0984","copyright","著作権","Copyright","legal-compliance","法務とコンプライアンス","「著作権」を表す汎用UIアイコン。法務とコンプライアンスに関する操作または状態表示に使用する。","color/legal-compliance/copyright.svg","monochrome/legal-compliance/copyright.svg","16|20|24|32|48","16","3d5b6dbf9ab691822d64c579da1f0fdb8f0a250739a0ea0c532dc07a8e34c70d"
"UUI-0985","copyleft","コピーレフト","Copyleft","legal-compliance","法務とコンプライアンス","「コピーレフト」を表す汎用UIアイコン。法務とコンプライアンスに関する操作または状態表示に使用する。","color/legal-compliance/copyleft.svg","monochrome/legal-compliance/copyleft.svg","16|20|24|32|48","16","f5ce9c8cecb87bc31b98e9cbdf96872084edb27d6590272574c4c131edcaac37"
"UUI-0986","book-check","確認済み規程","Book Check","legal-compliance","法務とコンプライアンス","「確認済み規程」を表す汎用UIアイコン。法務とコンプライアンスに関する操作または状態表示に使用する。","color/legal-compliance/book-check.svg","monochrome/legal-compliance/book-check.svg","16|20|24|32|48","16","58713d1d206a1d45e75bf54cf442a507359a75bce7e2c2386d092441d8921f89"
"UUI-0987","book-lock","機密規程","Book Lock","legal-compliance","法務とコンプライアンス","「機密規程」を表す汎用UIアイコン。法務とコンプライアンスに関する操作または状態表示に使用する。","color/legal-compliance/book-lock.svg","monochrome/legal-compliance/book-lock.svg","16|20|24|32|48","16","ff1980107dc7c17809a00731fdd5d06c2de88f53c8ffbb6f757b00e7c4e90fa8"
"UUI-0988","book-key","アクセス制限規程","Book Key","legal-compliance","法務とコンプライアンス","「アクセス制限規程」を表す汎用UIアイコン。法務とコンプライアンスに関する操作または状態表示に使用する。","color/legal-compliance/book-key.svg","monochrome/legal-compliance/book-key.svg","16|20|24|32|48","16","3eeeb6ca66afb3aa8163506ffb1d0f5e709bb8ad8de57574e780db8a328731ca"
"UUI-0989","book-x","廃止規程","Book X","legal-compliance","法務とコンプライアンス","「廃止規程」を表す汎用UIアイコン。法務とコンプライアンスに関する操作または状態表示に使用する。","color/legal-compliance/book-x.svg","monochrome/legal-compliance/book-x.svg","16|20|24|32|48","16","89533b68a2bf469ca530c9a657903dfc91285b9907f5327de4dd04e170c5b154"
"UUI-0990","book-alert","注意規程","Book Alert","legal-compliance","法務とコンプライアンス","「注意規程」を表す汎用UIアイコン。法務とコンプライアンスに関する操作または状態表示に使用する。","color/legal-compliance/book-alert.svg","monochrome/legal-compliance/book-alert.svg","16|20|24|32|48","16","a5608e3b08522dc161dbe3a7ddcd9c67110d5924eb2eea14e6f8f8dd4dd3756c"
"UUI-0991","book-marked","重要規程","Book Marked","legal-compliance","法務とコンプライアンス","「重要規程」を表す汎用UIアイコン。法務とコンプライアンスに関する操作または状態表示に使用する。","color/legal-compliance/book-marked.svg","monochrome/legal-compliance/book-marked.svg","16|20|24|32|48","16","9a149d719d7f65ceac153cee3c75887ad9610a57dc51a4282b2ba6d25076fdf6"
"UUI-0992","bookmark-check","確認済み条項","Bookmark Check","legal-compliance","法務とコンプライアンス","「確認済み条項」を表す汎用UIアイコン。法務とコンプライアンスに関する操作または状態表示に使用する。","color/legal-compliance/bookmark-check.svg","monochrome/legal-compliance/bookmark-check.svg","16|20|24|32|48","16","3fa85d7ac35cb56ce131e50be2b0173b406351600c5fbc98cbc65b228c6e003b"
"UUI-0993","bookmark-minus","条項削除","Bookmark Minus","legal-compliance","法務とコンプライアンス","「条項削除」を表す汎用UIアイコン。法務とコンプライアンスに関する操作または状態表示に使用する。","color/legal-compliance/bookmark-minus.svg","monochrome/legal-compliance/bookmark-minus.svg","16|20|24|32|48","16","ddefadff1d0b3f2af394dda6ad31143b4944d43cb0d8b714e69cc46ed4cbda44"
"UUI-0994","bookmark-off","条項無効","Bookmark Off","legal-compliance","法務とコンプライアンス","「条項無効」を表す汎用UIアイコン。法務とコンプライアンスに関する操作または状態表示に使用する。","color/legal-compliance/bookmark-off.svg","monochrome/legal-compliance/bookmark-off.svg","16|20|24|32|48","16","3020dd45dbbae46c59941ac68bd70d553cdf455fe93d670a4e3960dd247bee4f"
"UUI-0995","bookmark-plus","条項追加","Bookmark Plus","legal-compliance","法務とコンプライアンス","「条項追加」を表す汎用UIアイコン。法務とコンプライアンスに関する操作または状態表示に使用する。","color/legal-compliance/bookmark-plus.svg","monochrome/legal-compliance/bookmark-plus.svg","16|20|24|32|48","16","578d9f86086d0cc1a1957f4995b056f7d3dea8c5f940fa11473dee97b32871bf"
"UUI-0996","bookmark-x","条項取消","Bookmark X","legal-compliance","法務とコンプライアンス","「条項取消」を表す汎用UIアイコン。法務とコンプライアンスに関する操作または状態表示に使用する。","color/legal-compliance/bookmark-x.svg","monochrome/legal-compliance/bookmark-x.svg","16|20|24|32|48","16","dea347306358622240c74f29fcc4eba6424f5318bad57de17ca38ee76ea901cb"
"UUI-0997","notebook-text","監査記録","Notebook Text","legal-compliance","法務とコンプライアンス","「監査記録」を表す汎用UIアイコン。法務とコンプライアンスに関する操作または状態表示に使用する。","color/legal-compliance/notebook-text.svg","monochrome/legal-compliance/notebook-text.svg","16|20|24|32|48","16","e0bdd8398050f43af781e168bdcb3b0d3796ab558e51e71dc631b62255da523c"
"UUI-0998","swatch-book","標準集","Swatch Book","legal-compliance","法務とコンプライアンス","「標準集」を表す汎用UIアイコン。法務とコンプライアンスに関する操作または状態表示に使用する。","color/legal-compliance/swatch-book.svg","monochrome/legal-compliance/swatch-book.svg","16|20|24|32|48","16","6ec60d2b072514e05a56e8113c9965f1acbc4276d48ddebfb7c9175711dc0ab1"
"UUI-0999","book-copy","規程複製","Book Copy","legal-compliance","法務とコンプライアンス","「規程複製」を表す汎用UIアイコン。法務とコンプライアンスに関する操作または状態表示に使用する。","color/legal-compliance/book-copy.svg","monochrome/legal-compliance/book-copy.svg","16|20|24|32|48","16","17297ee4b33fbd586381e9f6401c05caff217b99d8542c463e402504d44baf3f"
"UUI-1000","file-digit","番号付き法務文書","File Digit","legal-compliance","法務とコンプライアンス","「番号付き法務文書」を表す汎用UIアイコン。法務とコンプライアンスに関する操作または状態表示に使用する。","color/legal-compliance/file-digit.svg","monochrome/legal-compliance/file-digit.svg","16|20|24|32|48","16","c6570e146856e894484fea4708bd075d33b79e321c3177fda97876893881e6e1"
